open_time,open,high,low,close
1735660800000,95412.00000000,95590.52000000,93189.59000000,94166.88000000
1735675200000,94166.88000000,94222.50000000,93375.38000000,93576.00000000
1735689600000,93576.00000000,94509.42000000,93489.03000000,93838.04000000
1735704000000,93838.04000000,93937.19000000,93500.00000000,93684.10000000
1735718400000,93684.11000000,93756.02000000,92888.00000000,93444.64000000
1735732800000,93444.65000000,94500.00000000,93407.07000000,94432.94000000
1735747200000,94432.94000000,94823.75000000,93760.93000000,94627.07000000
1735761600000,94627.08000000,95151.15000000,94542.00000000,94591.79000000
1735776000000,94591.78000000,95516.00000000,94392.00000000,95010.33000000
1735790400000,95010.34000000,96000.00000000,94984.84000000,95822.00000000
1735804800000,95822.01000000,96876.38000000,95640.05000000,96732.99000000
1735819200000,96733.00000000,97440.91000000,95924.60000000,96455.01000000
1735833600000,96455.01000000,97777.00000000,96040.04000000,97317.74000000
1735848000000,97317.74000000,97839.50000000,96666.66000000,96984.79000000
1735862400000,96984.79000000,97342.44000000,96650.00000000,97062.30000000
1735876800000,97062.30000000,97066.18000000,96280.65000000,96304.00000000
1735891200000,96304.00000000,96830.00000000,96100.01000000,96757.58000000
1735905600000,96757.57000000,97660.00000000,96472.43000000,97521.35000000
1735920000000,97521.36000000,98976.91000000,97406.54000000,98592.01000000
1735934400000,98592.02000000,98748.00000000,98067.99000000,98174.18000000
1735948800000,98174.17000000,98314.15000000,97800.00000000,98200.00000000
1735963200000,98200.01000000,98350.04000000,97862.87000000,98271.88000000
1735977600000,98271.87000000,98306.22000000,97532.58000000,97889.39000000
1735992000000,97889.40000000,98152.02000000,97514.79000000,97657.94000000
1736006400000,97657.95000000,98350.00000000,97549.99000000,98166.26000000
1736020800000,98166.26000000,98778.43000000,98143.20000000,98220.50000000
1736035200000,98220.51000000,98391.59000000,98050.00000000,98187.96000000
1736049600000,98187.97000000,98522.76000000,98187.96000000,98268.77000000
1736064000000,98268.77000000,98268.78000000,97600.00000000,97641.63000000
1736078400000,97641.62000000,98281.89000000,97276.79000000,98028.98000000
1736092800000,98028.98000000,98332.54000000,97577.46000000,98079.63000000
1736107200000,98079.64000000,98836.85000000,98024.00000000,98363.61000000
1736121600000,98363.61000000,99333.00000000,97920.00000000,99037.57000000
1736136000000,99037.57000000,99892.00000000,99037.57000000,99318.70000000
1736150400000,99318.70000000,99625.69000000,98709.28000000,99259.99000000
1736164800000,99259.99000000,102468.92000000,98711.94000000,102147.95000000
1736179200000,102147.95000000,102480.00000000,101250.00000000,101817.22000000
1736193600000,101817.22000000,102329.98000000,101600.05000000,102235.60000000
1736208000000,102235.60000000,102724.38000000,101512.91000000,101708.08000000
1736222400000,101708.09000000,102015.01000000,101582.79000000,101664.81000000
1736236800000,101664.81000000,101995.64000000,100472.45000000,100830.86000000
1736251200000,100830.86000000,100960.06000000,97153.50000000,97952.26000000
1736265600000,97952.26000000,98347.81000000,96323.67000000,96451.98000000
1736280000000,96451.99000000,97220.76000000,96181.81000000,96954.61000000
1736294400000,96954.60000000,97268.65000000,96216.83000000,96525.20000000
1736308800000,96525.20000000,96654.61000000,95250.76000000,95657.09000000
1736323200000,95657.09000000,96132.47000000,94543.86000000,95134.92000000
1736337600000,95134.92000000,96079.32000000,94624.43000000,95493.77000000
1736352000000,95493.77000000,95555.25000000,92500.90000000,94243.89000000
1736366400000,94243.89000000,95310.94000000,93600.00000000,95060.61000000
1736380800000,95060.61000000,95382.32000000,93422.89000000,94027.90000000
1736395200000,94027.91000000,94618.63000000,93186.38000000,93221.59000000
1736409600000,93221.59000000,93877.46000000,92750.00000000,93465.23000000
1736424000000,93465.23000000,94588.23000000,91800.00000000,94244.02000000
1736438400000,94244.02000000,94685.25000000,91900.01000000,91909.59000000
1736452800000,91909.59000000,92720.67000000,91203.67000000,92552.49000000
1736467200000,92552.49000000,93727.83000000,92431.73000000,93696.13000000
1736481600000,93696.13000000,95000.00000000,93500.00000000,94492.63000000
1736496000000,94492.62000000,95293.40000000,94388.50000000,95073.95000000
1736510400000,95073.95000000,95117.26000000,92206.02000000,93730.92000000
1736524800000,93730.93000000,95836.00000000,93177.40000000,95327.06000000
1736539200000,95327.07000000,95442.15000000,94586.02000000,94726.11000000
1736553600000,94726.10000000,94746.37000000,94106.49000000,94206.95000000
1736568000000,94206.96000000,94441.87000000,93831.73000000,94246.36000000
1736582400000,94246.36000000,94791.67000000,94031.22000000,94625.65000000
1736596800000,94625.66000000,94655.20000000,94307.25000000,94410.26000000
1736611200000,94410.26000000,94708.12000000,93984.55000000,94249.26000000
1736625600000,94249.27000000,95050.94000000,94200.89000000,94599.99000000
1736640000000,94599.99000000,94699.00000000,94296.99000000,94622.40000000
1736654400000,94622.40000000,94650.00000000,94274.01000000,94323.85000000
1736668800000,94323.85000000,94393.57000000,93711.19000000,94255.10000000
1736683200000,94255.10000000,95450.10000000,94173.48000000,95071.90000000
1736697600000,95071.91000000,95314.12000000,94578.54000000,94650.26000000
1736712000000,94650.26000000,94800.00000000,93800.00000000,94545.06000000
1736726400000,94545.07000000,95940.00000000,93899.99000000,94269.23000000
1736740800000,94269.23000000,94913.03000000,93281.00000000,93590.24000000
1736755200000,93590.24000000,93661.55000000,90833.12000000,90851.22000000
1736769600000,90851.23000000,93100.00000000,89256.69000000,92123.75000000
1736784000000,92123.75000000,92534.10000000,91250.00000000,92312.18000000
1736798400000,92312.18000000,94727.15000000,91908.20000000,94536.10000000
1736812800000,94536.11000000,95280.80000000,94346.22000000,94861.40000000
1736827200000,94861.39000000,95464.71000000,94753.42000000,94864.00000000
1736841600000,94863.99000000,97371.00000000,94860.11000000,96548.04000000
1736856000000,96548.04000000,97265.48000000,95748.93000000,96471.65000000
1736870400000,96471.65000000,97088.57000000,95351.76000000,96537.80000000
1736884800000,96537.23000000,96921.13000000,96152.31000000,96560.86000000
1736899200000,96560.85000000,97554.63000000,96500.00000000,97317.12000000
1736913600000,97317.12000000,97724.96000000,96750.00000000,97301.35000000
1736928000000,97301.35000000,97524.00000000,96521.00000000,96762.18000000
1736942400000,96762.19000000,99799.98000000,96539.77000000,98992.42000000
1736956800000,98992.42000000,99990.00000000,98602.05000000,99844.90000000
1736971200000,99844.91000000,100681.94000000,99460.80000000,100497.35000000
1736985600000,100497.35000000,100866.66000000,99170.00000000,99478.03000000
1737000000000,99478.04000000,99921.86000000,99322.19000000,99799.99000000
1737014400000,99800.00000000,99820.00000000,98617.55000000,99158.71000000
1737028800000,99158.70000000,99517.93000000,97335.13000000,99296.17000000
1737043200000,99296.17000000,100448.72000000,99079.05000000,100417.20000000
1737057600000,100417.20000000,100641.99000000,99377.00000000,99987.30000000
1737072000000,99987.30000000,102148.13000000,99950.77000000,101051.73000000
1737086400000,101051.73000000,101899.49000000,100952.10000000,101440.50000000
1737100800000,101440.51000000,102581.45000000,101439.77000000,102237.60000000
1737115200000,102237.60000000,104254.19000000,102195.90000000,104000.00000000
1737129600000,104000.00000000,105865.22000000,103841.18000000,105834.93000000
1737144000000,105834.93000000,105847.02000000,104065.25000000,104077.48000000
1737158400000,104077.47000000,104656.87000000,103000.25000000,103559.82000000
1737172800000,103559.82000000,103771.21000000,102602.48000000,102821.75000000
1737187200000,102821.75000000,103883.01000000,102277.55000000,103589.29000000
1737201600000,103589.29000000,104988.88000000,103107.65000000,104568.96000000
1737216000000,104568.96000000,104719.29000000,103156.02000000,104382.01000000
1737230400000,104382.00000000,104750.00000000,103765.44000000,104556.23000000
1737244800000,104556.23000000,105458.55000000,104013.51000000,104984.01000000
1737259200000,104984.01000000,105634.78000000,104191.19000000,105167.12000000
1737273600000,105167.11000000,105496.03000000,103450.69000000,104363.23000000
1737288000000,104363.24000000,105706.48000000,104300.75000000,104936.35000000
1737302400000,104936.35000000,106200.74000000,104520.01000000,106200.00000000
1737316800000,106200.00000000,106422.43000000,99651.60000000,101331.57000000
1737331200000,101331.57000000,102321.42000000,99550.00000000,101891.93000000
1737345600000,101891.94000000,109588.00000000,101535.28000000,107120.65000000
1737360000000,107120.65000000,109193.23000000,107093.33000000,108239.19000000
1737374400000,108239.19000000,108700.01000000,104480.00000000,104957.99000000
1737388800000,104957.99000000,107050.00000000,100333.00000000,103691.63000000
1737403200000,103691.64000000,104331.00000000,101701.01000000,102260.01000000
1737417600000,102260.00000000,103260.10000000,100119.04000000,102936.01000000
1737432000000,102936.01000000,102974.14000000,101111.68000000,101989.05000000
1737446400000,101989.06000000,103973.02000000,101740.82000000,103758.25000000
1737460800000,103758.25000000,105320.00000000,102803.43000000,103943.00000000
1737475200000,103942.99000000,107240.81000000,103822.02000000,107031.34000000
1737489600000,107031.34000000,107199.99000000,105420.00000000,106143.82000000
1737504000000,106143.82000000,106394.46000000,105448.99000000,105600.01000000
1737518400000,105600.01000000,105952.00000000,105043.88000000,105084.77000000
1737532800000,105084.77000000,105464.83000000,104647.75000000,105100.39000000
1737547200000,105100.38000000,105584.23000000,103662.58000000,104180.01000000
1737561600000,104180.01000000,104754.64000000,103339.12000000,104630.00000000
1737576000000,104630.00000000,104830.12000000,103611.66000000,103706.66000000
1737590400000,103706.66000000,103819.99000000,102100.00000000,102461.25000000
1737604800000,102461.24000000,102968.31000000,101575.50000000,102710.27000000
1737619200000,102710.28000000,102724.94000000,101262.28000000,101944.49000000
1737633600000,101944.50000000,106050.86000000,101281.62000000,105263.52000000
1737648000000,105263.52000000,106850.00000000,103399.98000000,103770.04000000
1737662400000,103770.05000000,106421.03000000,102195.70000000,103910.34000000
1737676800000,103910.35000000,104298.00000000,102750.00000000,103891.75000000
1737691200000,103891.75000000,105355.00000000,103804.77000000,105046.80000000
1737705600000,105046.79000000,105759.00000000,104922.41000000,105420.10000000
1737720000000,105420.11000000,106321.66000000,104669.17000000,105859.98000000
1737734400000,105859.99000000,107120.00000000,105589.00000000,105760.94000000
1737748800000,105760.93000000,105781.00000000,104456.89000000,104870.50000000
1737763200000,104870.51000000,105280.82000000,104361.89000000,105202.40000000
1737777600000,105202.40000000,105202.40000000,104216.81000000,104385.98000000
1737792000000,104385.99000000,104700.01000000,104106.09000000,104670.99000000
1737806400000,104670.99000000,105111.11000000,104456.00000000,104897.79000000
1737820800000,104897.79000000,105286.52000000,104449.75000000,105055.16000000
1737835200000,105055.16000000,105250.00000000,104696.00000000,104746.85000000
1737849600000,104746.86000000,105273.24000000,104503.70000000,105062.42000000
1737864000000,105062.41000000,105500.00000000,104950.00000000,104998.35000000
1737878400000,104998.36000000,105221.36000000,104444.01000000,104818.69000000
1737892800000,104818.68000000,105126.11000000,104703.58000000,104967.01000000
1737907200000,104967.02000000,105260.36000000,104896.00000000,105081.63000000
1737921600000,105081.64000000,105200.00000000,102520.44000000,102620.00000000
1737936000000,102620.01000000,103260.00000000,100720.53000000,101395.64000000
1737950400000,101395.64000000,101399.99000000,97777.77000000,99048.02000000
1737964800000,99048.01000000,99533.33000000,98263.49000000,98761.13000000
1737979200000,98761.12000000,102317.94000000,98714.28000000,101112.03000000
1737993600000,101112.03000000,101250.56000000,98864.00000000,99700.02000000
1738008000000,99700.01000000,102405.00000000,99606.46000000,102082.83000000
1738022400000,102082.83000000,102892.00000000,101334.55000000,102636.32000000
1738036800000,102636.32000000,103371.24000000,102527.39000000,102789.72000000
1738051200000,102789.72000000,103181.82000000,102393.94000000,102762.01000000
1738065600000,102762.02000000,103800.00000000,101815.26000000,102777.99000000
1738080000000,102777.99000000,103108.00000000,101820.15000000,102424.24000000
1738094400000,102424.24000000,102538.00000000,100272.68000000,101335.52000000
1738108800000,101335.52000000,102319.69000000,101328.01000000,102038.20000000
1738123200000,102038.21000000,102853.53000000,101955.51000000,102755.82000000
1738137600000,102755.81000000,103000.00000000,102180.65000000,102646.00000000
1738152000000,102646.00000000,102842.04000000,101582.37000000,101980.78000000
1738166400000,101980.78000000,103999.00000000,101400.01000000,103583.99000000
1738180800000,103584.00000000,104782.68000000,102868.00000000,103733.24000000
1738195200000,103733.25000000,105300.00000000,103278.54000000,105196.00000000
1738209600000,105196.00000000,105595.81000000,104799.66000000,105132.07000000
1738224000000,105132.07000000,105534.00000000,104925.26000000,105300.63000000
1738238400000,105300.63000000,106457.44000000,104660.00000000,105564.00000000
1738252800000,105563.99000000,106013.01000000,104762.59000000,105711.27000000
1738267200000,105711.28000000,105821.62000000,104693.82000000,104722.94000000
1738281600000,104722.94000000,105029.72000000,103930.09000000,104344.46000000
1738296000000,104344.46000000,104814.46000000,103972.13000000,104188.56000000
1738310400000,104188.57000000,104848.65000000,103936.54000000,104736.00000000
1738324800000,104736.01000000,106012.00000000,104106.00000000,105464.01000000
1738339200000,105464.00000000,105574.40000000,102122.00000000,102312.32000000
1738353600000,102312.31000000,102482.94000000,101560.00000000,102429.56000000
1738368000000,102429.56000000,102783.71000000,102198.52000000,102249.19000000
1738382400000,102249.19000000,102588.57000000,102118.56000000,102166.49000000
1738396800000,102166.49000000,102276.99000000,101412.00000000,102028.81000000
1738411200000,102028.82000000,102329.01000000,101730.79000000,102073.89000000
1738425600000,102073.89000000,102297.99000000,101448.00000000,101669.60000000
1738440000000,101669.60000000,101669.60000000,100279.51000000,100635.65000000
1738454400000,100635.66000000,101456.60000000,99148.91000000,99206.86000000
1738468800000,99206.85000000,100515.99000000,99031.19000000,99643.30000000
1738483200000,99643.30000000,100100.00000000,98645.00000000,98864.60000000
1738497600000,98864.60000000,99439.05000000,98157.00000000,99346.87000000
1738512000000,99346.87000000,99361.97000000,96821.54000000,98273.16000000
1738526400000,98273.17000000,98628.74000000,96150.00000000,97700.59000000
1738540800000,97700.59000000,97782.79000000,91231.00000000,94038.74000000
1738555200000,94038.75000000,95426.63000000,92646.36000000,95333.01000000
1738569600000,95333.01000000,95950.68000000,94799.29000000,95107.89000000
1738584000000,95107.89000000,99500.00000000,94131.14000000,98842.00000000
1738598400000,98842.00000000,101880.00000000,98038.58000000,101880.00000000
1738612800000,101879.99000000,102500.01000000,100918.00000000,101328.52000000
1738627200000,101328.51000000,101732.31000000,100534.03000000,100629.70000000
1738641600000,100629.70000000,100764.11000000,98229.82000000,98448.02000000
1738656000000,98448.01000000,99445.17000000,97860.00000000,98967.70000000
1738670400000,98967.70000000,100415.00000000,98275.98000000,99347.19000000
1738684800000,99347.18000000,100777.93000000,98778.58000000,98859.77000000
1738699200000,98859.78000000,99444.02000000,96150.00000000,97763.13000000
1738713600000,97763.14000000,98930.44000000,97131.43000000,98040.00000000
1738728000000,98040.01000000,98332.41000000,97352.77000000,97864.43000000
1738742400000,97864.43000000,98256.00000000,97257.05000000,98198.00000000
1738756800000,98198.00000000,99149.00000000,97734.69000000,98116.24000000
1738771200000,98116.24000000,98277.02000000,96500.00000000,97370.00000000
1738785600000,97370.00000000,97706.37000000,96155.00000000,96612.43000000
1738800000000,96612.44000000,97493.07000000,96430.78000000,97355.67000000
1738814400000,97355.66000000,98436.61000000,97273.71000000,98195.61000000
1738828800000,98195.60000000,99120.00000000,97910.01000000,98877.99000000
1738843200000,98877.99000000,99040.09000000,96930.17000000,97333.09000000
1738857600000,97333.09000000,97547.71000000,95676.64000000,95983.00000000
1738872000000,95982.99000000,97093.50000000,95800.00000000,96554.35000000
1738886400000,96554.35000000,97805.60000000,96409.65000000,97444.04000000
1738900800000,97444.04000000,97883.12000000,96566.00000000,96757.05000000
1738915200000,96757.04000000,97750.00000000,96613.24000000,97750.00000000
1738929600000,97749.99000000,100137.99000000,97165.51000000,98283.98000000
1738944000000,98283.98000000,98563.55000000,96856.78000000,96898.56000000
1738958400000,96898.56000000,96944.10000000,95620.34000000,96506.80000000
1738972800000,96506.80000000,96880.00000000,96335.42000000,96699.23000000
1738987200000,96699.24000000,96699.24000000,95785.09000000,96209.92000000
1739001600000,96209.92000000,96293.48000000,95865.71000000,96120.00000000
1739016000000,96120.00000000,96517.52000000,95688.00000000,95843.74000000
1739030400000,95843.74000000,96750.00000000,95749.88000000,96579.99000000
1739044800000,96579.99000000,96712.00000000,96358.50000000,96444.74000000
1739059200000,96444.75000000,97300.00000000,96360.14000000,97300.00000000
1739073600000,97299.99000000,97323.09000000,96777.77000000,97057.83000000
1739088000000,97057.83000000,97294.46000000,96509.96000000,96554.01000000
1739102400000,96554.01000000,96703.99000000,95700.00000000,96488.15000000
1739116800000,96488.14000000,96567.80000000,95888.88000000,96064.74000000
1739131200000,96064.73000000,96760.00000000,94713.00000000,96462.75000000
1739145600000,96462.75000000,97131.47000000,95256.00000000,96814.98000000
1739160000000,96814.97000000,97640.02000000,96632.81000000,97429.83000000
1739174400000,97429.83000000,97954.69000000,97358.79000000,97661.16000000
1739188800000,97661.15000000,98345.00000000,96866.66000000,97218.69000000
1739203200000,97218.68000000,97643.29000000,96866.39000000,97376.00000000
1739217600000,97376.00000000,97490.71000000,97128.79000000,97430.82000000
1739232000000,97430.82000000,98149.92000000,97416.62000000,97607.30000000
1739246400000,97607.31000000,98478.42000000,97558.99000000,98268.97000000
1739260800000,98268.98000000,98330.00000000,97885.62000000,98151.52000000
1739275200000,98151.51000000,98158.89000000,96595.33000000,97007.53000000
1739289600000,97007.54000000,97045.53000000,94876.88000000,95040.82000000
1739304000000,95040.81000000,96512.70000000,94928.47000000,95778.20000000
1739318400000,95778.21000000,96263.99000000,95100.00000000,95299.27000000
1739332800000,95299.28000000,96188.68000000,95267.71000000,96069.58000000
1739347200000,96069.58000000,96469.78000000,95913.49000000,96094.65000000
1739361600000,96094.65000000,96631.66000000,94088.23000000,95816.18000000
1739376000000,95816.18000000,97700.00000000,95120.30000000,97205.06000000
1739390400000,97205.06000000,98119.99000000,96854.97000000,97869.99000000
1739404800000,97870.00000000,98083.91000000,97367.45000000,97498.42000000
1739419200000,97498.43000000,97564.83000000,95800.00000000,96070.23000000
1739433600000,96070.23000000,96336.00000000,95599.57000000,95925.11000000
1739448000000,95925.12000000,96480.06000000,95336.00000000,95998.00000000
1739462400000,95998.00000000,96361.58000000,95217.36000000,95627.76000000
1739476800000,95627.75000000,96774.71000000,95600.00000000,96608.14000000
1739491200000,96608.13000000,97190.00000000,96356.41000000,97129.98000000
1739505600000,97129.98000000,97248.60000000,96561.36000000,96944.09000000
1739520000000,96944.09000000,97196.00000000,96799.99000000,96887.56000000
1739534400000,96887.55000000,97568.28000000,96252.82000000,96924.39000000
1739548800000,96924.57000000,98826.00000000,96494.17000000,97940.45000000
1739563200000,97940.44000000,98264.85000000,96697.56000000,97500.48000000
1739577600000,97500.47000000,97972.26000000,97223.58000000,97653.19000000
1739592000000,97653.19000000,97780.73000000,97345.50000000,97346.26000000
1739606400000,97346.27000000,97731.09000000,97301.77000000,97615.59000000
1739620800000,97615.59000000,97962.51000000,97426.57000000,97633.22000000
1739635200000,97633.21000000,97714.39000000,97304.38000000,97531.90000000
1739649600000,97531.91000000,97741.35000000,97414.05000000,97569.66000000
1739664000000,97569.67000000,97704.47000000,97411.11000000,97547.17000000
1739678400000,97547.17000000,97682.04000000,97212.00000000,97248.98000000
1739692800000,97248.98000000,97388.89000000,97061.58000000,97336.00000000
1739707200000,97335.99000000,97336.00000000,96645.35000000,96911.01000000
1739721600000,96911.01000000,97169.15000000,96609.05000000,97058.47000000
1739736000000,97058.47000000,97282.38000000,96046.18000000,96118.12000000
1739750400000,96118.12000000,96638.05000000,96023.17000000,96215.33000000
1739764800000,96215.32000000,96463.20000000,95800.00000000,96068.22000000
1739779200000,96068.21000000,96395.68000000,95937.05000000,96063.18000000
1739793600000,96063.17000000,97046.59000000,95564.00000000,95659.46000000
1739808000000,95659.45000000,95945.49000000,95205.00000000,95531.36000000
1739822400000,95531.36000000,96413.43000000,95488.90000000,95780.00000000
1739836800000,95780.01000000,96322.97000000,95538.01000000,96200.00000000
1739851200000,96200.00000000,96300.73000000,95254.12000000,95456.93000000
1739865600000,95456.92000000,95872.17000000,95050.00000000,95640.34000000
1739880000000,95640.35000000,96753.91000000,95200.00000000,95546.48000000
1739894400000,95546.49000000,95633.15000000,93388.09000000,94104.14000000
1739908800000,94104.15000000,95685.00000000,93730.72000000,95671.74000000
1739923200000,95671.74000000,95961.54000000,95055.00000000,95710.26000000
1739937600000,95710.25000000,95846.15000000,95029.99000000,95687.71000000
1739952000000,95687.71000000,96468.99000000,95616.60000000,96422.60000000
1739966400000,96422.60000000,96700.00000000,95536.36000000,95943.74000000
1739980800000,95943.74000000,96480.00000000,95407.41000000,96206.54000000
1739995200000,96206.54000000,96899.99000000,96058.38000000,96644.37000000
1740009600000,96644.37000000,97362.83000000,96415.09000000,97055.25000000
1740024000000,97055.24000000,97339.11000000,96781.57000000,96867.92000000
1740038400000,96867.92000000,97384.03000000,96801.61000000,97207.92000000
1740052800000,97207.93000000,98062.15000000,96799.42000000,96903.77000000
1740067200000,96903.76000000,98518.00000000,96888.00000000,98422.80000000
1740081600000,98422.80000000,98711.36000000,98000.00000000,98305.00000000
1740096000000,98305.01000000,98505.00000000,98084.06000000,98141.99000000
1740110400000,98141.99000000,98610.17000000,98117.73000000,98179.76000000
1740124800000,98179.77000000,98896.81000000,98111.11000000,98629.30000000
1740139200000,98629.31000000,99475.00000000,97177.31000000,98104.04000000
1740153600000,98104.04000000,98757.00000000,95247.15000000,95285.11000000
1740168000000,95285.11000000,96202.68000000,94871.95000000,96181.98000000
1740182400000,96181.99000000,96455.97000000,95770.49000000,96299.07000000
1740196800000,96299.08000000,96578.99000000,96273.85000000,96288.09000000
1740211200000,96288.09000000,96611.53000000,96151.00000000,96580.00000000
1740225600000,96580.00000000,96980.00000000,96485.37000000,96592.00000000
1740240000000,96592.01000000,96823.53000000,96345.49000000,96639.99000000
1740254400000,96640.00000000,96700.00000000,96472.22000000,96551.01000000
1740268800000,96551.01000000,96650.00000000,96355.17000000,96414.00000000
1740283200000,96414.00000000,96558.01000000,96143.99000000,96508.85000000
1740297600000,96508.85000000,96508.86000000,96083.33000000,96115.99000000
1740312000000,96115.99000000,96158.50000000,95414.25000000,95436.18000000
1740326400000,95436.19000000,95876.00000000,95227.94000000,95755.99000000
1740340800000,95756.00000000,96332.44000000,95522.78000000,96258.00000000
1740355200000,96258.00000000,96500.00000000,95311.00000000,95433.21000000
1740369600000,95433.21000000,95945.00000000,95078.01000000,95872.02000000
1740384000000,95872.02000000,96177.18000000,95355.00000000,95821.45000000
1740398400000,95821.45000000,96095.32000000,93817.06000000,94323.95000000
1740412800000,94323.95000000,95194.59000000,93666.22000000,93943.51000000
1740427200000,93943.52000000,94571.43000000,91349.26000000,91552.88000000
1740441600000,91552.88000000,92540.69000000,90912.01000000,92153.93000000
1740456000000,92153.93000000,92327.88000000,88200.00000000,89320.01000000
1740470400000,89320.01000000,90000.00000000,86888.10000000,89239.39000000
1740484800000,89239.39000000,89544.40000000,86050.99000000,87231.26000000
1740499200000,87231.63000000,88065.45000000,86157.69000000,87947.25000000
1740513600000,87947.24000000,89460.17000000,87622.64000000,88680.40000000
1740528000000,88680.39000000,89414.15000000,88148.48000000,88900.00000000
1740542400000,88900.01000000,89245.29000000,88392.45000000,88720.02000000
1740556800000,88720.01000000,89314.45000000,88138.00000000,88616.80000000
1740571200000,88616.80000000,88674.00000000,85418.72000000,87567.53000000
1740585600000,87567.53000000,87806.62000000,83418.00000000,83856.99000000
1740600000000,83856.98000000,85400.00000000,82256.01000000,84250.09000000
1740614400000,84250.09000000,85466.55000000,84026.96000000,85226.32000000
1740628800000,85226.32000000,86737.00000000,84694.29000000,86272.01000000
1740643200000,86272.01000000,87078.46000000,85846.87000000,86698.60000000
1740657600000,86698.60000000,86795.90000000,84640.75000000,85500.84000000
1740672000000,85500.84000000,85691.51000000,83614.75000000,84113.98000000
1740686400000,84113.98000000,84927.84000000,82716.49000000,84708.58000000
1740700800000,84708.57000000,84892.85000000,79532.00000000,80452.44000000
1740715200000,80452.89000000,80969.69000000,78820.06000000,79204.59000000
1740729600000,79204.60000000,80854.46000000,78258.52000000,80513.38000000
1740744000000,80512.97000000,84425.89000000,80075.47000000,84005.05000000
1740758400000,84005.05000000,85120.00000000,83196.71000000,84449.99000000
1740772800000,84450.00000000,84795.03000000,83600.00000000,84349.94000000
1740787200000,84349.95000000,85678.11000000,83824.78000000,85330.84000000
1740801600000,85330.83000000,86558.00000000,84740.15000000,84740.15000000
1740816000000,84740.16000000,85508.79000000,84382.62000000,84632.79000000
1740830400000,84632.79000000,84943.08000000,84334.39000000,84800.00000000
1740844800000,84800.01000000,85591.84000000,84700.00000000,85485.41000000
1740859200000,85485.41000000,86262.74000000,85285.88000000,86064.53000000
1740873600000,86064.54000000,86498.00000000,85611.79000000,85873.07000000
1740888000000,85873.06000000,86589.97000000,85531.87000000,86232.42000000
1740902400000,86232.42000000,86263.23000000,85633.13000000,86105.89000000
1740916800000,86105.88000000,88673.09000000,85050.60000000,87427.99000000
1740931200000,87428.00000000,95000.00000000,87278.51000000,93522.00000000
1740945600000,93522.01000000,94883.51000000,93502.00000000,94270.00000000
1740960000000,94269.99000000,94416.46000000,92433.50000000,92709.98000000
1740974400000,92709.98000000,93361.46000000,91181.00000000,92363.58000000
1740988800000,92363.58000000,92917.99000000,91142.00000000,92739.99000000
1741003200000,92740.00000000,93721.37000000,89117.00000000,90035.37000000
1741017600000,90035.38000000,91000.00000000,85555.45000000,85606.00000000
1741032000000,85606.01000000,87038.46000000,85117.11000000,86220.61000000
1741046400000,86221.16000000,86807.98000000,82464.84000000,83983.72000000
1741060800000,83983.73000000,84581.60000000,83140.00000000,83186.40000000
1741075200000,83186.40000000,84373.84000000,83040.29000000,83937.94000000
1741089600000,83937.93000000,84977.65000000,81500.00000000,82985.06000000
1741104000000,82985.05000000,88487.91000000,82013.11000000,88206.19000000
1741118400000,88206.19000000,88967.52000000,86582.27000000,87281.98000000
1741132800000,87281.98000000,87888.88000000,86334.53000000,86843.40000000
1741147200000,86843.40000000,87727.27000000,86722.81000000,87619.49000000
1741161600000,87619.49000000,90660.00000000,87600.00000000,89814.26000000
1741176000000,89814.26000000,90933.82000000,87926.06000000,88344.25000000
1741190400000,88344.25000000,90475.30000000,87600.00000000,89750.00000000
1741204800000,89750.00000000,91000.00000000,89677.80000000,90606.01000000
1741219200000,90606.00000000,92025.00000000,89986.73000000,91605.01000000
1741233600000,91605.02000000,92810.64000000,91265.96000000,91346.48000000
1741248000000,91346.49000000,91667.50000000,90613.17000000,91350.00000000
1741262400000,91350.00000000,91457.03000000,89117.68000000,90820.69000000
1741276800000,90820.69000000,91066.44000000,87836.00000000,88526.18000000
1741291200000,88526.23000000,90781.20000000,88461.22000000,89931.89000000
1741305600000,89931.88000000,91283.02000000,84667.03000000,86991.25000000
1741320000000,86991.26000000,88612.96000000,86857.14000000,88365.18000000
1741334400000,88365.19000000,89704.00000000,87985.30000000,88966.96000000
1741348800000,88966.96000000,91100.00000000,88022.47000000,88457.99000000
1741363200000,88457.99000000,89023.41000000,86554.77000000,87820.10000000
1741377600000,87820.09000000,88511.00000000,85573.07000000,86801.75000000
1741392000000,86801.74000000,86897.25000000,85218.47000000,85919.12000000
1741406400000,85919.12000000,86662.00000000,85653.66000000,86197.14000000
1741420800000,86197.14000000,86450.01000000,85762.72000000,85955.88000000
1741435200000,85955.89000000,86627.51000000,85808.82000000,86400.00000000
1741449600000,86400.00000000,86500.00000000,85661.76000000,86233.52000000
1741464000000,86233.52000000,86500.00000000,85852.12000000,86222.45000000
1741478400000,86222.46000000,86500.00000000,85939.85000000,86115.71000000
1741492800000,86115.71000000,86158.83000000,85809.48000000,86004.61000000
1741507200000,86004.61000000,86098.00000000,84625.01000000,85024.01000000
1741521600000,85024.00000000,85058.34000000,82711.50000000,83080.41000000
1741536000000,83080.40000000,83758.22000000,82223.00000000,82640.86000000
1741550400000,82640.86000000,83539.66000000,80000.00000000,80734.37000000
1741564800000,80734.48000000,82744.00000000,80037.62000000,82047.49000000
1741579200000,82047.49000000,82797.95000000,81977.27000000,82318.77000000
1741593600000,82318.78000000,84123.46000000,81151.00000000,83582.00000000
1741608000000,83582.00000000,83771.94000000,79177.03000000,80043.85000000
1741622400000,80043.84000000,80250.00000000,77459.91000000,79060.84000000
1741636800000,79060.84000000,79886.03000000,78409.40000000,78595.86000000
1741651200000,78595.86000000,79938.27000000,76606.00000000,79522.29000000
1741665600000,79522.29000000,80614.89000000,79439.90000000,80424.95000000
1741680000000,80424.94000000,82092.34000000,80325.22000000,81720.34000000
1741694400000,81720.33000000,82225.21000000,79058.00000000,81232.24000000
1741708800000,81232.23000000,83617.40000000,80609.96000000,83104.01000000
1741723200000,83104.01000000,83306.87000000,82550.52000000,82932.99000000
1741737600000,82932.99000000,83783.26000000,82100.61000000,82127.72000000
1741752000000,82127.73000000,82541.47000000,81296.00000000,82447.79000000
1741766400000,82447.78000000,83076.79000000,82000.29000000,83004.45000000
1741780800000,83004.45000000,84539.85000000,80607.65000000,81738.97000000
1741795200000,81738.97000000,83165.46000000,81626.64000000,82915.93000000
1741809600000,82915.94000000,83887.26000000,82709.36000000,83680.12000000
1741824000000,83680.12000000,84336.33000000,83312.92000000,83577.14000000
1741838400000,83577.14000000,83709.03000000,82851.00000000,83151.99000000
1741852800000,83152.00000000,83522.61000000,82400.04000000,82975.86000000
1741867200000,82975.86000000,83900.00000000,80954.29000000,81044.72000000
1741881600000,81044.72000000,81264.73000000,79939.90000000,80211.40000000
1741896000000,80210.40000000,81484.23000000,80189.89000000,81115.78000000
1741910400000,81115.78000000,82270.51000000,80818.84000000,81888.77000000
1741924800000,81888.77000000,82454.50000000,81780.08000000,82170.85000000
1741939200000,82170.84000000,83348.46000000,82170.84000000,83253.15000000
1741953600000,83253.15000000,85309.71000000,82640.59000000,84724.58000000
1741968000000,84724.58000000,84950.00000000,83949.19000000,84554.00000000
1741982400000,84554.00000000,84554.01000000,83717.69000000,83983.20000000
1741996800000,83983.19000000,84676.28000000,83964.57000000,84491.99000000
1742011200000,84492.00000000,84559.00000000,83791.09000000,83827.31000000
1742025600000,83827.32000000,84184.58000000,83618.00000000,84103.74000000
1742040000000,84103.74000000,84499.74000000,84010.58000000,84346.02000000
1742054400000,84346.03000000,84498.72000000,84076.92000000,84299.98000000
1742068800000,84299.99000000,84467.70000000,84237.58000000,84338.44000000
1742083200000,84338.44000000,84393.72000000,83733.86000000,84332.34000000
1742097600000,84332.35000000,84418.00000000,83972.57000000,84273.96000000
1742112000000,84273.95000000,84335.43000000,82381.46000000,82410.02000000
1742126400000,82410.01000000,83508.95000000,82400.00000000,83320.83000000
1742140800000,83320.83000000,85117.04000000,82562.36000000,83098.47000000
1742155200000,83098.47000000,83453.01000000,81981.12000000,82574.53000000
1742169600000,82574.52000000,83725.39000000,82523.00000000,83675.65000000
1742184000000,83675.64000000,83869.77000000,82682.62000000,83567.87000000
1742198400000,83567.88000000,83783.02000000,83220.11000000,83514.73000000
1742212800000,83514.73000000,84000.00000000,82456.00000000,83531.06000000
1742227200000,83531.07000000,84756.83000000,83103.60000000,84482.55000000
1742241600000,84482.55000000,84506.80000000,83746.12000000,84010.03000000
1742256000000,84010.02000000,84021.74000000,82960.00000000,83147.60000000
1742270400000,83147.60000000,83280.00000000,82244.68000000,83163.81000000
1742284800000,83163.81000000,83452.30000000,82500.00000000,82581.10000000
1742299200000,82581.09000000,82821.60000000,81134.66000000,81610.21000000
1742313600000,81610.22000000,82476.26000000,81245.65000000,82317.21000000
1742328000000,82317.20000000,82810.95000000,81870.23000000,82715.03000000
1742342400000,82715.03000000,83280.00000000,82547.16000000,83037.17000000
1742356800000,83037.17000000,83364.16000000,82792.91000000,83190.00000000
1742371200000,83190.00000000,84119.09000000,83178.74000000,83881.40000000
1742385600000,83881.40000000,84888.00000000,83510.21000000,84733.05000000
1742400000000,84733.05000000,85950.00000000,83578.32000000,85433.38000000
1742414400000,85433.38000000,87000.00000000,85200.10000000,86845.94000000
1742428800000,86845.93000000,87453.67000000,85619.56000000,85891.02000000
1742443200000,85891.01000000,86013.05000000,85430.38000000,85816.39000000
1742457600000,85816.39000000,86300.00000000,84755.14000000,85502.17000000
1742472000000,85502.16000000,86532.04000000,84565.16000000,84691.76000000
1742486400000,84691.27000000,84908.00000000,83655.23000000,84174.79000000
1742500800000,84176.87000000,84609.21000000,83922.01000000,84223.39000000
1742515200000,84223.38000000,84850.33000000,84180.09000000,84451.96000000
1742529600000,84451.97000000,84798.93000000,83700.47000000,83937.98000000
1742544000000,83937.99000000,84337.66000000,83732.09000000,84046.52000000
1742558400000,84046.52000000,84358.51000000,83175.25000000,83565.48000000
1742572800000,83565.47000000,84435.87000000,83379.00000000,83956.36000000
1742587200000,83956.35000000,84584.00000000,83813.21000000,84088.79000000
1742601600000,84088.79000000,84338.98000000,83989.58000000,84256.74000000
1742616000000,84256.73000000,84429.09000000,84153.21000000,84274.72000000
1742630400000,84274.71000000,84539.17000000,84109.00000000,84239.25000000
1742644800000,84239.24000000,84296.39000000,83975.42000000,84109.09000000
1742659200000,84109.08000000,84320.00000000,84063.53000000,84171.59000000
1742673600000,84171.59000000,84204.19000000,83625.10000000,83840.59000000
1742688000000,83840.59000000,84277.07000000,83809.75000000,84224.39000000
1742702400000,84224.39000000,84328.24000000,84070.22000000,84279.82000000
1742716800000,84279.82000000,85027.32000000,84263.05000000,84679.99000000
1742731200000,84680.00000000,85254.17000000,84573.40000000,85189.41000000
1742745600000,85189.41000000,85413.05000000,84800.00000000,85011.19000000
1742760000000,85011.20000000,86129.64000000,84923.91000000,86082.50000000
1742774400000,86082.50000000,86641.13000000,85519.09000000,86532.07000000
1742788800000,86532.07000000,87300.00000000,86532.06000000,86874.52000000
1742803200000,86874.52000000,87909.99000000,86838.76000000,87689.52000000
1742817600000,87689.52000000,88765.43000000,87138.60000000,88350.01000000
1742832000000,88350.01000000,88536.00000000,87690.59000000,88222.00000000
1742846400000,88222.01000000,88481.14000000,87050.60000000,87498.16000000
1742860800000,87498.16000000,87679.25000000,86330.66000000,86520.88000000
1742875200000,86520.89000000,86879.77000000,86310.00000000,86436.82000000
1742889600000,86436.82000000,87500.00000000,86406.49000000,87370.43000000
1742904000000,87370.44000000,88258.80000000,86929.46000000,87774.37000000
1742918400000,87774.37000000,88321.27000000,87588.59000000,88116.23000000
1742932800000,88116.23000000,88539.63000000,87132.65000000,87392.87000000
1742947200000,87392.88000000,87892.14000000,87030.56000000,87153.51000000
1742961600000,87153.50000000,88275.00000000,87052.00000000,88140.45000000
1742976000000,88140.45000000,88259.81000000,87837.49000000,87954.96000000
1742990400000,87954.97000000,88000.00000000,86434.36000000,86752.52000000
1743004800000,86752.52000000,87058.40000000,85860.00000000,86567.19000000
1743019200000,86567.18000000,87404.34000000,86520.10000000,86909.17000000
1743033600000,86909.17000000,87756.39000000,86796.26000000,87670.18000000
1743048000000,87670.17000000,87691.34000000,87249.68000000,87399.99000000
1743062400000,87399.99000000,87597.60000000,86787.00000000,86943.52000000
1743076800000,86943.51000000,87575.00000000,85800.00000000,86974.07000000
1743091200000,86974.07000000,87429.21000000,86796.00000000,87060.41000000
1743105600000,87060.40000000,87728.27000000,86943.04000000,87232.01000000
1743120000000,87232.01000000,87515.67000000,86750.00000000,86787.16000000
1743134400000,86787.17000000,86832.64000000,85162.48000000,85212.99000000
1743148800000,85212.98000000,85441.25000000,84800.00000000,85255.26000000
1743163200000,85255.25000000,85609.74000000,83953.86000000,84051.16000000
1743177600000,84051.15000000,84217.61000000,83585.00000000,83790.73000000
1743192000000,83790.74000000,84538.69000000,83697.83000000,84424.38000000
1743206400000,84424.38000000,84624.73000000,83709.67000000,84166.30000000
1743220800000,84166.30000000,84258.45000000,83662.86000000,83731.82000000
1743235200000,83731.83000000,83947.42000000,82007.00000000,82293.56000000
1743249600000,82293.56000000,82882.01000000,82145.22000000,82414.23000000
1743264000000,82414.22000000,82758.41000000,81644.81000000,82758.40000000
1743278400000,82758.40000000,82787.29000000,82258.86000000,82648.54000000
1743292800000,82648.53000000,83503.53000000,82500.00000000,83088.81000000
1743307200000,83088.82000000,83321.16000000,82868.96000000,83076.59000000
1743321600000,83076.58000000,83534.64000000,82975.36000000,83111.76000000
1743336000000,83111.76000000,83268.05000000,82543.83000000,82729.57000000
1743350400000,82729.57000000,82908.11000000,82050.40000000,82548.81000000
1743364800000,82548.80000000,82757.70000000,81565.00000000,82389.99000000
1743379200000,82390.00000000,82444.89000000,81278.52000000,81530.00000000
1743393600000,81530.00000000,82305.57000000,81400.00000000,81933.51000000
1743408000000,81933.51000000,82272.00000000,81290.88000000,82205.51000000
1743422400000,82205.50000000,83943.08000000,81656.00000000,83418.78000000
1743436800000,83418.78000000,83694.29000000,82400.00000000,82462.27000000
1743451200000,82462.26000000,82886.80000000,82265.10000000,82550.01000000
1743465600000,82550.00000000,83256.80000000,82432.74000000,82962.84000000
1743480000000,82962.84000000,83597.07000000,82886.87000000,83445.50000000
1743494400000,83445.50000000,84504.74000000,83410.00000000,83930.30000000
1743508800000,83930.31000000,85499.55000000,82544.00000000,85280.87000000
1743523200000,85280.88000000,85493.00000000,84720.00000000,84972.01000000
1743537600000,84972.00000000,85579.46000000,84773.58000000,85158.34000000
1743552000000,85158.35000000,85255.95000000,84504.21000000,84550.00000000
1743566400000,84550.00000000,84726.42000000,83904.72000000,84426.33000000
1743580800000,84426.32000000,85450.00000000,84262.73000000,84566.91000000
1743595200000,84566.91000000,87333.00000000,84462.69000000,86757.67000000
1743609600000,86757.67000000,87333.00000000,86186.19000000,86900.02000000
1743624000000,86900.01000000,88500.00000000,82320.00000000,82516.29000000
1743638400000,82516.28000000,83998.02000000,82175.98000000,83483.97000000
1743652800000,83483.97000000,83735.85000000,83000.00000000,83456.75000000
1743667200000,83456.76000000,83788.23000000,83047.00000000,83096.01000000
1743681600000,83096.01000000,83147.95000000,81211.24000000,82039.31000000
1743696000000,82039.32000000,82448.21000000,81540.00000000,82008.70000000
1743710400000,82009.76000000,83332.20000000,81800.00000000,83213.09000000
1743724800000,83213.09000000,83413.46000000,82577.63000000,82818.52000000
1743739200000,82818.53000000,84000.00000000,82615.36000000,83992.85000000
1743753600000,83992.85000000,84720.00000000,81659.00000000,82680.45000000
1743768000000,82680.44000000,83716.00000000,81849.05000000,82860.00000000
1743782400000,82860.00000000,84620.01000000,82736.00000000,84009.99000000
1743796800000,84010.00000000,84450.00000000,83492.95000000,83889.87000000
1743811200000,83889.87000000,84266.00000000,83395.46000000,83624.01000000
1743825600000,83624.01000000,83868.00000000,83297.66000000,83525.34000000
1743840000000,83525.33000000,83894.70000000,83359.64000000,83452.69000000
1743854400000,83452.69000000,83550.68000000,82379.95000000,82618.26000000
1743868800000,82618.25000000,83146.00000000,82607.05000000,82860.00000000
1743883200000,82859.99000000,83688.00000000,82833.00000000,83537.99000000
1743897600000,83537.99000000,83817.63000000,83163.45000000,83344.14000000
1743912000000,83344.14000000,83533.01000000,83024.96000000,83024.96000000
1743926400000,83024.97000000,83172.00000000,82666.00000000,82855.99000000
1743940800000,82855.99000000,82981.14000000,82217.83000000,82548.36000000
1743955200000,82548.36000000,82554.15000000,78694.99000000,79614.35000000
1743969600000,79614.34000000,79890.16000000,77153.83000000,78430.00000000
1743984000000,78430.00000000,79347.46000000,77354.00000000,77707.77000000
1743998400000,77707.78000000,77984.00000000,74508.00000000,75126.01000000
1744012800000,75126.01000000,77577.88000000,75085.74000000,76685.62000000
1744027200000,76685.62000000,81243.58000000,75789.01000000,78479.90000000
1744041600000,78479.91000000,79365.46000000,77313.20000000,78130.44000000
1744056000000,78130.43000000,80218.88000000,78102.91000000,79163.24000000
1744070400000,79163.24000000,80867.99000000,78772.14000000,79904.00000000
1744084800000,79904.00000000,80413.49000000,79219.90000000,79496.00000000
1744099200000,79496.01000000,80077.65000000,78819.65000000,79982.00000000
1744113600000,79982.00000000,80375.00000000,78175.14000000,78497.99000000
1744128000000,78498.00000000,78522.72000000,76334.65000000,76854.05000000
1744142400000,76854.05000000,77285.50000000,76239.90000000,76322.42000000
1744156800000,76322.42000000,76868.28000000,74620.00000000,75073.33000000
1744171200000,75073.34000000,77979.30000000,75000.00000000,77694.12000000
1744185600000,77694.12000000,77880.00000000,75756.86000000,76230.01000000
1744200000000,76230.01000000,78318.46000000,76010.21000000,77258.00000000
1744214400000,77258.01000000,82990.00000000,77136.00000000,82332.08000000
1744228800000,82332.08000000,83588.00000000,81987.89000000,82615.22000000
1744243200000,82615.22000000,82753.21000000,81472.84000000,81775.20000000
1744257600000,81775.20000000,82344.30000000,81292.99000000,81595.81000000
1744272000000,81595.81000000,82130.43000000,81349.00000000,81882.01000000
1744286400000,81882.00000000,82466.35000000,78606.06000000,78757.00000000
1744300800000,78757.24000000,80058.96000000,78464.36000000,79649.34000000
1744315200000,79647.37000000,80035.54000000,79377.04000000,79607.30000000
1744329600000,79607.30000000,80906.63000000,78969.58000000,80842.99000000
1744344000000,80843.00000000,81440.73000000,80512.22000000,81266.76000000
1744358400000,81266.76000000,82985.71000000,80782.43000000,82129.67000000
1744372800000,82129.67000000,83333.00000000,81341.22000000,82521.74000000
1744387200000,82521.74000000,84220.00000000,82015.08000000,83858.28000000
1744401600000,83858.28000000,84300.00000000,83162.00000000,83423.84000000
1744416000000,83423.83000000,83572.00000000,82792.95000000,82973.13000000
1744430400000,82973.14000000,83830.62000000,82856.86000000,83724.92000000
1744444800000,83724.92000000,84031.87000000,83305.91000000,83528.30000000
1744459200000,83528.30000000,85402.90000000,83474.94000000,85008.40000000
1744473600000,85008.40000000,85258.29000000,84421.95000000,84943.40000000
1744488000000,84943.39000000,85905.00000000,84877.61000000,85276.90000000
1744502400000,85276.91000000,86100.00000000,84724.91000000,85432.31000000
1744516800000,85432.31000000,85436.68000000,84399.42000000,84413.10000000
1744531200000,84413.10000000,84949.86000000,84216.15000000,84528.66000000
1744545600000,84528.66000000,84700.00000000,83480.67000000,83849.66000000
1744560000000,83849.66000000,84990.22000000,83050.00000000,83981.31000000
1744574400000,83981.32000000,84446.31000000,83034.23000000,83760.00000000
1744588800000,83760.00000000,85544.30000000,83678.00000000,84566.03000000
1744603200000,84566.04000000,85110.00000000,84211.06000000,84580.76000000
1744617600000,84580.77000000,84965.34000000,84250.00000000,84927.55000000
1744632000000,84927.56000000,85799.99000000,83709.25000000,84101.16000000
1744646400000,84101.16000000,85208.10000000,83863.63000000,84923.07000000
1744660800000,84923.07000000,84971.70000000,84424.52000000,84591.58000000
1744675200000,84591.58000000,85415.10000000,84347.97000000,85379.96000000
1744689600000,85379.97000000,85879.10000000,85157.60000000,85716.77000000
1744704000000,85716.77000000,86000.00000000,85351.00000000,85589.23000000
1744718400000,85589.23000000,86496.42000000,84623.73000000,84918.14000000
1744732800000,84918.15000000,85146.55000000,83921.19000000,83998.52000000
1744747200000,83998.51000000,84235.85000000,83600.00000000,83643.99000000
1744761600000,83643.99000000,83960.00000000,83111.64000000,83695.66000000
1744776000000,83695.66000000,83814.00000000,83212.64000000,83363.17000000
1744790400000,83363.17000000,84127.05000000,83140.89000000,84048.11000000
1744804800000,84048.36000000,85270.27000000,83512.20000000,84846.58000000
1744819200000,84846.58000000,85500.00000000,83275.00000000,84334.01000000
1744833600000,84334.00000000,84679.53000000,84024.00000000,84030.38000000
1744848000000,84030.38000000,84496.00000000,83814.48000000,83994.23000000
1744862400000,83994.23000000,85053.38000000,83900.00000000,84669.98000000
1744876800000,84669.98000000,84764.44000000,84191.17000000,84562.00000000
1744891200000,84562.00000000,84862.93000000,83736.26000000,84531.71000000
1744905600000,84531.72000000,85470.01000000,84393.59000000,84849.06000000
1744920000000,84849.05000000,85140.00000000,84720.21000000,84947.91000000
1744934400000,84947.92000000,85132.08000000,84724.60000000,84828.00000000
1744948800000,84827.99000000,84838.52000000,84413.23000000,84654.68000000
1744963200000,84654.68000000,84764.00000000,84472.25000000,84669.11000000
1744977600000,84669.11000000,84769.95000000,84338.00000000,84374.59000000
1744992000000,84374.60000000,84649.99000000,84303.96000000,84562.83000000
1745006400000,84562.83000000,84684.49000000,84342.15000000,84474.69000000
1745020800000,84474.70000000,84986.76000000,84364.45000000,84883.71000000
1745035200000,84883.72000000,85300.00000000,84883.71000000,85217.39000000
1745049600000,85217.38000000,85436.72000000,85115.45000000,85217.40000000
1745064000000,85217.40000000,85677.99000000,85070.00000000,85191.19000000
1745078400000,85191.18000000,85330.06000000,84694.49000000,85085.55000000
1745092800000,85085.56000000,85367.93000000,85015.63000000,85077.01000000
1745107200000,85077.00000000,85320.76000000,85050.27000000,85168.81000000
1745121600000,85168.82000000,85248.00000000,84678.18000000,84784.01000000
1745136000000,84784.01000000,84785.00000000,83949.52000000,84129.83000000
1745150400000,84129.82000000,84664.00000000,84099.30000000,84344.66000000
1745164800000,84344.65000000,84664.09000000,84272.74000000,84651.61000000
1745179200000,84651.61000000,85298.00000000,84616.73000000,85179.24000000
1745193600000,85179.24000000,87640.00000000,85144.76000000,87205.56000000
1745208000000,87205.56000000,87738.00000000,87038.00000000,87434.78000000
1745222400000,87434.79000000,87795.26000000,86644.29000000,86971.92000000
1745236800000,86971.92000000,88465.99000000,86779.97000000,88044.80000000
1745251200000,88044.81000000,88270.88000000,86389.78000000,87415.10000000
1745265600000,87415.09000000,87625.68000000,86887.15000000,87516.23000000
1745280000000,87516.22000000,88877.00000000,87076.03000000,88157.55000000
1745294400000,88157.55000000,88486.00000000,87953.86000000,88476.83000000
1745308800000,88476.82000000,88701.93000000,88241.33000000,88614.10000000
1745323200000,88614.09000000,91439.46000000,88482.00000000,90934.61000000
1745337600000,90934.61000000,91695.00000000,90624.03000000,91414.79000000
1745352000000,91414.78000000,93888.00000000,91060.00000000,93442.99000000
1745366400000,93442.99000000,93909.05000000,92580.18000000,93168.91000000
1745380800000,93168.91000000,94264.00000000,93017.46000000,94133.82000000
1745395200000,94133.82000000,94521.79000000,93324.45000000,93466.01000000
1745409600000,93466.01000000,94696.05000000,91935.41000000,93195.28000000
1745424000000,93195.28000000,94219.93000000,92913.04000000,93497.88000000
1745438400000,93497.88000000,93917.53000000,93238.10000000,93691.08000000
1745452800000,93691.07000000,93787.65000000,92650.00000000,92673.95000000
1745467200000,92673.95000000,92903.94000000,92101.63000000,92203.55000000
1745481600000,92203.54000000,92657.69000000,91660.01000000,92619.94000000
1745496000000,92619.94000000,93450.00000000,92434.78000000,93202.51000000
1745510400000,93202.52000000,93649.56000000,92666.62000000,93556.12000000
1745524800000,93556.12000000,94005.00000000,93024.00000000,93980.47000000
1745539200000,93980.47000000,94444.00000000,92855.96000000,93311.83000000
1745553600000,93311.83000000,93860.00000000,93013.56000000,93772.26000000
1745568000000,93772.27000000,94660.00000000,93539.82000000,94635.67000000
1745582400000,94635.67000000,95758.04000000,93929.41000000,95061.22000000
1745596800000,95061.21000000,95554.99000000,94370.35000000,95291.00000000
1745611200000,95291.00000000,95345.45000000,94441.61000000,94638.68000000
1745625600000,94638.68000000,95199.00000000,94527.84000000,94739.99000000
1745640000000,94739.99000000,94830.93000000,94380.72000000,94570.31000000
1745654400000,94570.31000000,94733.54000000,93990.60000000,94144.06000000
1745668800000,94144.07000000,94394.00000000,93870.69000000,94373.24000000
1745683200000,94373.24000000,94378.87000000,94041.00000000,94307.50000000
1745697600000,94307.51000000,94888.00000000,94087.00000000,94628.00000000
1745712000000,94628.00000000,95369.00000000,94041.60000000,94156.21000000
1745726400000,94156.22000000,94288.65000000,93655.00000000,94065.98000000
1745740800000,94065.99000000,94331.85000000,93883.81000000,93920.01000000
1745755200000,93920.00000000,94173.91000000,93602.58000000,93901.08000000
1745769600000,93901.09000000,94434.79000000,93727.08000000,94433.50000000
1745784000000,94433.49000000,94545.45000000,93641.70000000,93749.30000000
1745798400000,93749.29000000,93987.30000000,92800.01000000,93849.93000000
1745812800000,93849.93000000,94800.00000000,93849.93000000,94692.49000000
1745827200000,94692.49000000,95550.00000000,94339.48000000,95319.99000000
1745841600000,95319.99000000,95630.00000000,93583.90000000,93833.51000000
1745856000000,93833.50000000,94920.00000000,93444.00000000,94787.20000000
1745870400000,94786.73000000,95180.00000000,94305.95000000,95011.18000000
1745884800000,95011.18000000,95461.53000000,94443.70000000,94658.76000000
1745899200000,94658.75000000,94960.00000000,94200.00000000,94917.61000000
1745913600000,94917.61000000,95285.71000000,94743.01000000,95129.74000000
1745928000000,95129.74000000,95300.00000000,94531.85000000,94843.10000000
1745942400000,94843.10000000,95459.99000000,94658.99000000,95300.79000000
1745956800000,95300.79000000,95408.00000000,93742.54000000,94256.82000000
1745971200000,94256.82000000,95111.01000000,94136.48000000,95032.84000000
1745985600000,95032.84000000,95180.00000000,94500.00000000,94620.99000000
1746000000000,94620.99000000,95228.45000000,94527.58000000,95176.66000000
1746014400000,95176.66000000,95214.90000000,92910.00000000,94004.63000000
1746028800000,94004.63000000,94500.00000000,93528.71000000,94152.01000000
1746043200000,94152.01000000,94784.10000000,94005.00000000,94172.00000000
1746057600000,94172.00000000,95040.30000000,94130.43000000,94782.60000000
1746072000000,94782.60000000,95180.00000000,94714.38000000,95025.84000000
1746086400000,95025.84000000,96396.31000000,94913.04000000,96180.01000000
1746100800000,96180.01000000,97424.02000000,95769.66000000,96854.30000000
1746115200000,96854.31000000,97367.26000000,96424.44000000,96523.26000000
1746129600000,96523.26000000,96885.77000000,96184.19000000,96489.91000000
1746144000000,96489.90000000,97233.10000000,96466.21000000,97102.32000000
1746158400000,97102.32000000,97309.78000000,96350.00000000,96350.00000000
1746172800000,96350.01000000,97100.00000000,96350.00000000,96928.97000000
1746187200000,96928.97000000,97895.68000000,96650.94000000,97330.19000000
1746201600000,97330.19000000,97783.02000000,96769.84000000,96924.23000000
1746216000000,96924.23000000,97136.00000000,96561.57000000,96887.14000000
1746230400000,96887.13000000,96935.67000000,96300.02000000,96337.50000000
1746244800000,96337.50000000,96593.00000000,96132.67000000,96322.68000000
1746259200000,96322.68000000,96421.91000000,95852.29000000,95942.02000000
1746273600000,95942.01000000,96509.44000000,95880.65000000,96418.68000000
1746288000000,96418.68000000,96428.33000000,95869.68000000,96354.34000000
1746302400000,96354.34000000,96441.49000000,95753.01000000,95856.42000000
1746316800000,95856.42000000,96304.48000000,95588.00000000,95722.23000000
1746331200000,95722.22000000,96142.86000000,95692.70000000,95879.99000000
1746345600000,95879.99000000,95923.54000000,95286.78000000,95423.20000000
1746360000000,95423.19000000,95690.48000000,95209.07000000,95467.60000000
1746374400000,95467.60000000,95640.98000000,95239.33000000,95584.07000000
1746388800000,95584.07000000,95758.08000000,94151.38000000,94277.62000000
1746403200000,94277.61000000,94808.40000000,93514.10000000,94031.47000000
1746417600000,94031.47000000,94825.46000000,94020.66000000,94761.91000000
1746432000000,94761.91000000,94798.01000000,93888.00000000,94038.18000000
1746446400000,94038.19000000,94531.74000000,93613.66000000,93770.31000000
1746460800000,93770.32000000,94900.00000000,93759.63000000,94347.17000000
1746475200000,94347.16000000,95199.00000000,93876.00000000,94733.68000000
1746489600000,94733.68000000,94926.99000000,94012.78000000,94454.01000000
1746504000000,94454.01000000,94638.01000000,94308.63000000,94400.99000000
1746518400000,94400.98000000,94400.99000000,93720.63000000,93812.54000000
1746532800000,93812.53000000,94733.38000000,93377.00000000,94558.95000000
1746547200000,94558.94000000,95157.00000000,94216.00000000,94963.50000000
1746561600000,94963.50000000,96920.65000000,94452.75000000,96834.02000000
1746576000000,96834.02000000,97732.00000000,96208.10000000,96506.90000000
1746590400000,96506.90000000,97013.53000000,96310.89000000,96994.82000000
1746604800000,96994.82000000,97111.00000000,96833.33000000,97047.43000000
1746619200000,97047.43000000,97478.27000000,96713.14000000,96923.91000000
1746633600000,96923.91000000,96961.04000000,95784.61000000,96180.01000000
1746648000000,96180.00000000,97390.00000000,96076.92000000,97030.50000000
1746662400000,97030.50000000,99222.22000000,96876.29000000,99152.79000000
1746676800000,99152.79000000,99419.00000000,98723.25000000,99252.34000000
1746691200000,99252.34000000,99888.00000000,99209.04000000,99409.14000000
1746705600000,99409.15000000,101525.03000000,99090.66000000,100758.08000000
1746720000000,100758.08000000,101707.02000000,100596.00000000,101299.99000000
1746734400000,101300.00000000,104145.76000000,101285.71000000,103261.60000000
1746748800000,103261.61000000,103268.44000000,102364.00000000,102451.04000000
1746763200000,102451.04000000,104361.30000000,102374.03000000,103628.77000000
1746777600000,103628.76000000,103930.00000000,102421.00000000,102958.31000000
1746792000000,102958.31000000,103793.66000000,102411.99000000,102895.99000000
1746806400000,102895.99000000,103370.54000000,102315.14000000,103189.17000000
1746820800000,103189.17000000,103408.00000000,102727.25000000,102971.99000000
1746835200000,102971.99000000,103265.82000000,102818.76000000,103226.24000000
1746849600000,103226.25000000,104100.00000000,103034.50000000,103759.71000000
1746864000000,103759.71000000,104079.37000000,103366.00000000,103434.94000000
1746878400000,103434.94000000,103825.40000000,103100.00000000,103138.77000000
1746892800000,103138.76000000,103619.68000000,103005.33000000,103191.35000000
1746907200000,103191.35000000,104984.57000000,103068.87000000,104809.53000000
1746921600000,104809.53000000,104972.00000000,103466.05000000,104007.03000000
1746936000000,104007.03000000,104400.00000000,103345.06000000,103385.47000000
1746950400000,103385.46000000,104777.00000000,103380.95000000,104652.01000000
1746964800000,104652.01000000,104888.00000000,103775.91000000,104150.00000000
1746979200000,104150.00000000,104832.82000000,103750.00000000,104420.00000000
1746993600000,104420.00000000,104578.62000000,103569.77000000,104118.00000000
1747008000000,104118.00000000,105086.42000000,103702.15000000,104100.13000000
1747022400000,104100.13000000,105819.45000000,103750.00000000,104467.99000000
1747036800000,104467.99000000,104736.45000000,103625.00000000,103762.90000000
1747051200000,103762.89000000,104629.96000000,102388.00000000,102527.26000000
1747065600000,102527.27000000,103088.88000000,100718.37000000,101860.00000000
1747080000000,101859.99000000,103127.92000000,101770.20000000,102791.32000000
1747094400000,102791.32000000,102791.32000000,101429.70000000,101719.40000000
1747108800000,101719.40000000,102943.28000000,101610.56000000,102665.50000000
1747123200000,102665.50000000,103822.03000000,102540.18000000,103729.20000000
1747137600000,103729.20000000,103966.00000000,102811.32000000,103682.55000000
1747152000000,103682.54000000,104976.25000000,103532.18000000,104792.22000000
1747166400000,104792.21000000,104928.00000000,103869.01000000,104103.72000000
1747180800000,104103.72000000,104115.86000000,103453.26000000,103587.44000000
1747195200000,103587.44000000,103971.00000000,103381.02000000,103716.55000000
1747209600000,103716.55000000,104145.00000000,102875.22000000,103944.93000000
1747224000000,103944.93000000,104356.95000000,102833.55000000,103514.24000000
1747238400000,103514.24000000,103720.44000000,102602.05000000,103321.72000000
1747252800000,103321.73000000,103667.52000000,103304.66000000,103507.82000000
1747267200000,103507.83000000,103866.51000000,102720.00000000,102753.63000000
1747281600000,102753.62000000,102962.38000000,101724.17000000,101779.99000000
1747296000000,101779.99000000,102441.00000000,101500.00000000,102371.61000000
1747310400000,102371.62000000,103291.99000000,101383.07000000,103251.35000000
1747324800000,103251.36000000,104192.70000000,102552.35000000,103157.26000000
1747339200000,103157.26000000,103980.84000000,102708.46000000,103763.71000000
1747353600000,103763.71000000,104466.01000000,103467.91000000,104023.49000000
1747368000000,104023.49000000,104190.48000000,103694.18000000,103710.17000000
1747382400000,103710.17000000,103900.00000000,103100.49000000,103651.71000000
1747396800000,103651.72000000,104286.00000000,103343.07000000,104183.33000000
1747411200000,104183.32000000,104550.33000000,103587.00000000,104032.60000000
1747425600000,104032.60000000,104032.60000000,103397.50000000,103463.90000000
1747440000000,103463.90000000,103600.00000000,102612.50000000,103508.48000000
1747454400000,103508.48000000,103709.86000000,103285.71000000,103451.14000000
1747468800000,103451.13000000,103568.58000000,102753.67000000,102994.17000000
1747483200000,102994.18000000,103180.00000000,102640.02000000,102939.53000000
1747497600000,102939.52000000,103350.00000000,102761.90000000,103158.60000000
1747512000000,103158.60000000,103477.87000000,102900.72000000,103126.65000000
1747526400000,103126.65000000,103409.98000000,103105.09000000,103295.70000000
1747540800000,103295.70000000,103988.00000000,103295.69000000,103919.39000000
1747555200000,103919.39000000,104088.20000000,103800.00000000,103800.54000000
1747569600000,103800.55000000,105680.00000000,103701.40000000,105518.00000000
1747584000000,105518.00000000,105980.00000000,103851.01000000,103883.97000000
1747598400000,103883.98000000,106660.00000000,103285.71000000,106454.26000000
1747612800000,106454.27000000,107108.62000000,103534.47000000,103605.88000000
1747627200000,103605.90000000,103779.99000000,102000.00000000,103226.29000000
1747641600000,103226.29000000,103425.53000000,102782.60000000,102963.41000000
1747656000000,102963.40000000,104968.75000000,102126.16000000,104786.41000000
1747670400000,104786.42000000,105561.76000000,104491.53000000,105517.70000000
1747684800000,105517.64000000,105829.99000000,105016.27000000,105573.74000000
1747699200000,105573.73000000,106853.27000000,105533.01000000,105761.92000000
1747713600000,105761.92000000,106399.00000000,104928.44000000,105021.71000000
1747728000000,105021.70000000,105416.66000000,104847.16000000,105203.76000000
1747742400000,105203.75000000,105391.27000000,104184.72000000,105333.68000000
1747756800000,105333.67000000,107238.37000000,105090.90000000,107026.47000000
1747771200000,107026.47000000,107320.00000000,105935.83000000,106849.99000000
1747785600000,106850.00000000,107206.94000000,106186.79000000,106843.59000000
1747800000000,106843.60000000,107985.05000000,106454.54000000,106527.16000000
1747814400000,106527.17000000,106797.98000000,106100.01000000,106546.44000000
1747828800000,106546.43000000,109458.00000000,106329.47000000,108973.35000000
1747843200000,108973.34000000,109845.00000000,106117.67000000,108603.79000000
1747857600000,108603.79000000,110797.38000000,107725.00000000,109643.99000000
1747872000000,109643.99000000,111880.00000000,109177.37000000,111780.84000000
1747886400000,111780.84000000,111795.04000000,110461.87000000,111045.45000000
1747900800000,111045.45000000,111326.20000000,110272.72000000,110981.97000000
1747915200000,110981.98000000,111626.43000000,110550.00000000,111290.86000000
1747929600000,111290.85000000,111980.00000000,110916.40000000,111188.00000000
1747944000000,111188.00000000,111717.34000000,110763.27000000,111696.21000000
1747958400000,111696.22000000,111800.00000000,111000.13000000,111100.01000000
1747972800000,111100.00000000,111181.82000000,110407.89000000,110715.42000000
1747987200000,110715.41000000,111381.61000000,108888.00000000,109076.35000000
1748001600000,109076.36000000,109992.75000000,107316.00000000,108940.00000000
1748016000000,108940.00000000,109809.53000000,108001.00000000,108716.07000000
1748030400000,108714.01000000,108727.28000000,106800.00000000,107318.30000000
1748044800000,107318.30000000,108367.54000000,106875.41000000,108366.30000000
1748059200000,108366.31000000,108582.33000000,107566.37000000,107587.75000000
1748073600000,107587.75000000,109506.03000000,107587.74000000,109208.56000000
1748088000000,109208.57000000,109282.81000000,108540.00000000,108929.70000000
1748102400000,108929.71000000,109200.00000000,108682.36000000,108960.00000000
1748116800000,108960.00000000,109125.00000000,107500.00000000,107761.91000000
1748131200000,107761.90000000,108257.14000000,107206.00000000,108095.75000000
1748145600000,108095.76000000,108288.69000000,107454.54000000,107681.81000000
1748160000000,107681.82000000,107700.65000000,106708.98000000,107260.00000000
1748174400000,107259.99000000,107743.34000000,106600.64000000,106967.97000000
1748188800000,106967.97000000,107940.95000000,106640.52000000,107717.01000000
1748203200000,107717.02000000,109299.99000000,107176.00000000,109004.19000000
1748217600000,109004.20000000,109844.91000000,108670.58000000,109623.53000000
1748232000000,109623.54000000,110228.11000000,109365.29000000,110094.62000000
1748246400000,110094.62000000,110173.92000000,109556.69000000,109772.72000000
1748260800000,109772.73000000,110420.74000000,109494.74000000,110009.82000000
1748275200000,110009.83000000,110422.22000000,108858.28000000,109130.44000000
1748289600000,109130.44000000,109888.89000000,108940.00000000,109434.79000000
1748304000000,109434.78000000,109666.00000000,107516.57000000,108892.16000000
1748318400000,108892.15000000,109636.37000000,108550.00000000,109547.16000000
1748332800000,109540.00000000,109899.00000000,109428.98000000,109585.49000000
1748347200000,109585.49000000,110718.00000000,108670.29000000,110140.11000000
1748361600000,110140.11000000,110499.64000000,109574.46000000,109877.87000000
1748376000000,109877.87000000,109897.49000000,108600.00000000,108938.17000000
1748390400000,108938.17000000,109284.70000000,108400.00000000,108863.64000000
1748404800000,108863.64000000,109089.68000000,108624.43000000,108816.44000000
1748419200000,108816.44000000,109130.44000000,108258.01000000,108870.38000000
1748433600000,108870.39000000,109053.39000000,107045.45000000,107107.31000000
1748448000000,107107.31000000,107842.29000000,106938.24000000,106946.01000000
1748462400000,106946.00000000,108043.95000000,106769.43000000,107781.78000000
1748476800000,107781.78000000,108484.61000000,107421.12000000,108044.88000000
1748491200000,108044.87000000,108106.94000000,106948.01000000,107880.72000000
1748505600000,107880.73000000,108891.91000000,107681.81000000,108779.84000000
1748520000000,108779.83000000,108797.25000000,106474.00000000,107019.89000000
1748534400000,107019.90000000,107168.23000000,105639.30000000,105731.74000000
1748548800000,105731.74000000,106470.69000000,105322.86000000,105589.75000000
1748563200000,105589.75000000,106214.93000000,104600.50000000,106024.33000000
1748577600000,106024.33000000,106313.12000000,104727.72000000,105028.02000000
1748592000000,105028.03000000,105981.75000000,104606.01000000,105880.51000000
1748606400000,105880.50000000,106000.00000000,105047.61000000,105543.00000000
1748620800000,105543.00000000,105560.98000000,103706.71000000,104640.50000000
1748635200000,104640.49000000,104878.05000000,103621.00000000,103985.48000000
1748649600000,103985.47000000,104292.69000000,103068.55000000,103684.01000000
1748664000000,103684.00000000,103911.10000000,103487.99000000,103747.02000000
1748678400000,103747.03000000,103809.51000000,103285.71000000,103498.18000000
1748692800000,103498.17000000,104846.15000000,103480.11000000,104556.08000000
1748707200000,104556.08000000,104780.49000000,104261.39000000,104698.02000000
1748721600000,104698.03000000,104900.00000000,104473.20000000,104591.88000000
1748736000000,104591.88000000,104647.11000000,103924.52000000,104381.03000000
1748750400000,104381.03000000,104729.99000000,104195.12000000,104275.95000000
1748764800000,104275.95000000,104459.07000000,103752.49000000,104082.68000000
1748779200000,104082.67000000,104809.53000000,103783.01000000,104715.10000000
1748793600000,104715.10000000,105299.21000000,104319.79000000,105121.94000000
1748808000000,105121.95000000,105866.91000000,104893.72000000,105642.93000000
1748822400000,105642.93000000,105735.42000000,104571.42000000,104829.27000000
1748836800000,104829.27000000,105438.87000000,104610.13000000,105387.67000000
1748851200000,105387.67000000,105935.63000000,103941.00000000,104047.64000000
1748865600000,104047.63000000,104679.25000000,103659.88000000,104438.79000000
1748880000000,104438.79000000,104731.95000000,104030.01000000,104425.63000000
1748894400000,104425.64000000,105931.44000000,104425.64000000,105857.99000000
1748908800000,105858.00000000,106500.00000000,105340.18000000,105482.02000000
1748923200000,105482.03000000,105513.02000000,105116.20000000,105170.75000000
1748937600000,105170.76000000,105349.94000000,104872.50000000,105287.24000000
1748952000000,105287.24000000,106794.67000000,105031.60000000,106610.66000000
1748966400000,106610.66000000,106666.67000000,105592.17000000,106238.81000000
1748980800000,106238.81000000,106254.92000000,105266.02000000,105376.89000000
1748995200000,105376.90000000,105839.63000000,105132.27000000,105519.27000000
1749009600000,105519.26000000,105611.96000000,105250.00000000,105320.75000000
1749024000000,105320.75000000,106000.00000000,105080.26000000,105084.36000000
1749038400000,105084.36000000,105542.00000000,104179.00000000,105298.27000000
1749052800000,105298.26000000,105483.14000000,104865.25000000,104913.52000000
1749067200000,104913.52000000,105045.79000000,104407.16000000,104696.86000000
1749081600000,104696.86000000,105240.84000000,104651.16000000,105047.15000000
1749096000000,105047.15000000,105226.14000000,104380.00000000,104518.05000000
1749110400000,104518.05000000,104920.00000000,104424.52000000,104827.80000000
1749124800000,104827.79000000,105909.71000000,103900.00000000,104531.49000000
1749139200000,104531.50000000,104598.87000000,101596.62000000,101914.77000000
1749153600000,101914.76000000,102171.44000000,100372.26000000,101508.68000000
1749168000000,101508.69000000,102520.00000000,101095.80000000,102493.30000000
1749182400000,102493.30000000,103468.66000000,102387.38000000,103150.44000000
1749196800000,103150.44000000,103991.45000000,103150.43000000,103927.99000000
1749211200000,103927.99000000,105333.00000000,103513.70000000,105092.28000000
1749225600000,105092.28000000,105284.00000000,104013.21000000,104219.80000000
1749240000000,104219.80000000,104617.56000000,104167.98000000,104288.44000000
1749254400000,104288.43000000,104910.77000000,103871.09000000,104871.58000000
1749268800000,104871.59000000,105319.13000000,104643.62000000,104867.04000000
1749283200000,104867.03000000,105264.00000000,104689.81000000,105150.01000000
1749297600000,105150.01000000,105800.00000000,105150.00000000,105558.11000000
1749312000000,105558.11000000,105884.46000000,105279.06000000,105725.91000000
1749326400000,105725.91000000,105900.00000000,105534.88000000,105552.15000000
1749340800000,105552.15000000,105786.33000000,105394.03000000,105471.59000000
1749355200000,105471.59000000,105653.13000000,105408.38000000,105426.45000000
1749369600000,105426.46000000,105720.94000000,104964.14000000,105686.71000000
1749384000000,105686.71000000,106160.19000000,105520.25000000,105984.52000000
1749398400000,105984.53000000,106360.00000000,105943.91000000,106289.99000000
1749412800000,106289.99000000,106488.14000000,105545.71000000,105734.00000000
1749427200000,105734.01000000,105966.33000000,105318.37000000,105659.13000000
1749441600000,105659.14000000,105717.30000000,105319.00000000,105560.71000000
1749456000000,105560.71000000,107806.00000000,105473.57000000,107759.21000000
1749470400000,107759.21000000,108020.00000000,106860.00000000,107635.91000000
1749484800000,107635.91000000,108767.24000000,107635.91000000,108564.72000000
1749499200000,108565.86000000,110530.17000000,108456.08000000,110263.02000000
1749513600000,110263.02000000,110311.82000000,109381.24000000,109568.02000000
1749528000000,109568.03000000,109737.68000000,109095.67000000,109205.14000000
1749542400000,109205.14000000,109851.80000000,109056.90000000,109541.28000000
1749556800000,109541.93000000,109900.81000000,108331.03000000,109015.42000000
1749571200000,109015.41000000,110400.00000000,108518.86000000,109526.30000000
1749585600000,109526.30000000,110299.73000000,109239.68000000,110274.39000000
1749600000000,110274.39000000,110274.40000000,109533.97000000,109722.95000000
1749614400000,109722.95000000,109745.29000000,109373.67000000,109446.74000000
1749628800000,109446.74000000,109675.69000000,109193.89000000,109252.09000000
1749643200000,109252.10000000,110392.01000000,109008.82000000,109735.70000000
1749657600000,109735.70000000,109815.84000000,108412.01000000,108742.37000000
1749672000000,108742.37000000,109219.51000000,108064.00000000,108645.12000000
1749686400000,108645.13000000,108813.55000000,107730.00000000,107860.05000000
1749700800000,107860.04000000,107993.58000000,107320.00000000,107633.53000000
1749715200000,107633.53000000,107835.83000000,106874.47000000,106900.95000000
1749729600000,106900.95000000,107822.50000000,106600.00000000,107020.95000000
1749744000000,107020.96000000,108450.16000000,106680.00000000,106788.80000000
1749758400000,106789.80000000,106960.77000000,105671.72000000,105671.73000000
1749772800000,105671.74000000,105694.00000000,102664.31000000,104277.22000000
1749787200000,104277.22000000,104970.12000000,103782.75000000,104895.00000000
1749801600000,104895.01000000,105434.34000000,104425.79000000,105039.48000000
1749816000000,105039.48000000,105747.47000000,104118.00000000,105436.87000000
1749830400000,105436.87000000,105981.00000000,104668.73000000,105110.00000000
1749844800000,105110.01000000,106179.53000000,105020.87000000,106066.59000000
1749859200000,106066.59000000,106252.00000000,105197.96000000,105228.82000000
1749873600000,105228.83000000,105397.06000000,104792.98000000,105076.59000000
1749888000000,105076.59000000,105132.36000000,104836.06000000,105082.01000000
1749902400000,105082.01000000,105131.25000000,104615.38000000,104841.30000000
1749916800000,104841.29000000,105045.78000000,104359.08000000,104645.67000000
1749931200000,104645.66000000,105480.00000000,104300.00000000,105414.64000000
1749945600000,105414.63000000,105680.00000000,105264.75000000,105473.55000000
1749960000000,105473.54000000,106128.57000000,105200.00000000,105428.00000000
1749974400000,105428.00000000,105482.40000000,104867.64000000,104970.51000000
1749988800000,104970.51000000,105838.24000000,104955.48000000,105564.00000000
1750003200000,105563.99000000,105777.09000000,105082.97000000,105294.19000000
1750017600000,105294.19000000,105617.82000000,104494.53000000,105594.01000000
1750032000000,105594.02000000,105970.59000000,104980.37000000,105921.84000000
1750046400000,105921.85000000,107262.31000000,105874.48000000,107061.80000000
1750060800000,107061.80000000,107255.01000000,106582.25000000,106883.99000000
1750075200000,106884.00000000,107784.26000000,106495.09000000,107424.96000000
1750089600000,107424.96000000,108888.00000000,107309.15000000,108652.00000000
1750104000000,108652.01000000,108952.38000000,106700.00000000,106794.53000000
1750118400000,106794.53000000,107771.34000000,106115.35000000,107590.41000000
1750132800000,107590.41000000,107711.06000000,106481.60000000,106758.52000000
1750147200000,106758.52000000,106822.78000000,105508.23000000,105641.47000000
1750161600000,105641.48000000,105862.03000000,104130.95000000,104241.63000000
1750176000000,104241.62000000,105336.82000000,103371.02000000,104686.12000000
1750190400000,104686.12000000,104898.81000000,104203.85000000,104551.17000000
1750204800000,104551.17000000,105240.00000000,104379.52000000,105184.84000000
1750219200000,105184.84000000,105550.27000000,104713.24000000,104973.24000000
1750233600000,104973.24000000,105310.62000000,104175.87000000,104840.59000000
1750248000000,104840.58000000,105325.83000000,103814.04000000,104801.01000000
1750262400000,104801.01000000,104836.64000000,103500.00000000,103808.41000000
1750276800000,103808.41000000,105139.87000000,103652.00000000,104886.78000000
1750291200000,104886.79000000,105226.17000000,104457.12000000,105100.02000000
1750305600000,105100.01000000,105220.00000000,104617.69000000,104642.85000000
1750320000000,104642.85000000,105073.53000000,104631.26000000,104776.23000000
1750334400000,104776.23000000,104917.05000000,104078.00000000,104096.93000000
1750348800000,104096.94000000,104814.73000000,103929.27000000,104250.44000000
1750363200000,104250.45000000,104898.31000000,104150.00000000,104658.59000000
1750377600000,104658.59000000,104820.00000000,104391.38000000,104596.63000000
1750392000000,104596.64000000,105825.66000000,104238.02000000,105811.74000000
1750406400000,105811.74000000,106524.65000000,105757.48000000,105977.82000000
1750420800000,105977.82000000,106149.17000000,103888.00000000,104217.99000000
1750435200000,104218.00000000,104269.64000000,102345.00000000,103307.22000000
1750449600000,103307.21000000,103828.00000000,102963.67000000,103297.99000000
1750464000000,103297.98000000,103691.67000000,103127.48000000,103495.87000000
1750478400000,103495.86000000,103599.04000000,103330.00000000,103458.50000000
1750492800000,103458.50000000,103982.64000000,103458.49000000,103874.64000000
1750507200000,103874.63000000,103946.47000000,103281.82000000,103560.90000000
1750521600000,103560.90000000,103640.00000000,102210.43000000,102245.10000000
1750536000000,102245.11000000,102888.88000000,100837.90000000,102120.01000000
1750550400000,102120.02000000,103399.62000000,101839.96000000,102375.40000000
1750564800000,102375.40000000,102946.47000000,102256.01000000,102424.61000000
1750579200000,102424.61000000,102804.05000000,102080.00000000,102739.48000000
1750593600000,102739.47000000,102831.00000000,98889.35000000,98906.21000000
1750608000000,98906.21000000,100380.00000000,98673.66000000,98882.84000000
1750622400000,98882.85000000,101034.65000000,98200.00000000,100963.87000000
1750636800000,100963.87000000,101620.00000000,100494.25000000,101154.14000000
1750651200000,101154.13000000,102137.00000000,100980.00000000,101931.04000000
1750665600000,101931.04000000,102080.00000000,101102.76000000,101289.01000000
1750680000000,101289.00000000,102613.09000000,100792.16000000,101420.70000000
1750694400000,101420.71000000,103300.00000000,99613.33000000,103161.29000000
1750708800000,103161.30000000,106074.20000000,102880.00000000,105333.93000000
1750723200000,105333.94000000,105500.00000000,104720.82000000,104919.60000000
1750737600000,104919.60000000,105811.00000000,104704.91000000,104933.74000000
1750752000000,104933.74000000,105571.40000000,104622.02000000,105170.00000000
1750766400000,105169.99000000,105731.92000000,104800.98000000,105244.73000000
1750780800000,105244.72000000,106290.00000000,105172.64000000,105643.19000000
1750795200000,105643.20000000,106119.11000000,105435.45000000,106083.00000000
1750809600000,106083.00000000,106791.18000000,105808.03000000,106232.01000000
1750824000000,106232.01000000,106702.00000000,106001.00000000,106600.01000000
1750838400000,106600.00000000,107237.44000000,106343.13000000,107198.02000000
1750852800000,107198.02000000,108135.30000000,106752.36000000,107028.00000000
1750867200000,107027.99000000,107905.37000000,106931.00000000,107761.68000000
1750881600000,107761.67000000,108000.00000000,107079.90000000,107340.58000000
1750896000000,107340.59000000,108272.45000000,107105.43000000,107853.79000000
1750910400000,107853.79000000,108085.92000000,107520.00000000,107813.99000000
1750924800000,107813.99000000,108174.86000000,107117.65000000,107325.41000000
1750939200000,107325.42000000,107765.55000000,106562.50000000,107313.60000000
1750953600000,107313.61000000,107669.74000000,107009.28000000,107532.98000000
1750968000000,107532.97000000,108000.00000000,106850.00000000,106947.06000000
1750982400000,106947.06000000,107515.28000000,106438.33000000,107477.76000000
1750996800000,107477.76000000,107735.34000000,106850.00000000,106869.71000000
1751011200000,106869.72000000,107159.95000000,106679.98000000,106983.60000000
1751025600000,106983.60000000,107407.14000000,106356.76000000,107308.25000000
1751040000000,107308.25000000,107709.22000000,106446.45000000,106801.02000000
1751054400000,106801.02000000,107277.99000000,106794.33000000,107047.59000000
1751068800000,107047.58000000,107347.10000000,106811.51000000,107300.13000000
1751083200000,107300.13000000,107496.12000000,107183.29000000,107485.00000000
1751097600000,107485.01000000,107493.07000000,107252.60000000,107373.39000000
1751112000000,107373.39000000,107577.75000000,107084.15000000,107449.28000000
1751126400000,107449.28000000,107542.50000000,107225.74000000,107225.74000000
1751140800000,107225.74000000,107378.37000000,107154.62000000,107296.79000000
1751155200000,107296.79000000,107500.00000000,107172.52000000,107210.78000000
1751169600000,107210.78000000,107402.18000000,107205.82000000,107402.18000000
1751184000000,107402.17000000,108484.00000000,107402.17000000,108477.11000000
1751198400000,108477.12000000,108528.50000000,107650.00000000,107750.72000000
1751212800000,107750.72000000,107792.05000000,107316.46000000,107406.81000000
1751227200000,107406.80000000,108436.47000000,107250.00000000,108356.93000000
1751241600000,108356.93000000,108789.99000000,108255.81000000,108503.74000000
1751256000000,108503.74000000,108538.76000000,107481.31000000,107614.08000000
1751270400000,107614.07000000,107964.33000000,107400.00000000,107654.20000000
1751284800000,107654.21000000,107858.79000000,106733.33000000,107580.46000000
1751299200000,107580.47000000,107807.94000000,107116.40000000,107745.97000000
1751313600000,107745.97000000,107764.73000000,106900.02000000,107146.50000000
1751328000000,107146.51000000,107540.00000000,107026.93000000,107192.38000000
1751342400000,107192.39000000,107203.11000000,106615.97000000,107178.99000000
1751356800000,107178.99000000,107178.99000000,106301.86000000,106605.80000000
1751371200000,106605.79000000,107179.99000000,105623.39000000,105955.18000000
1751385600000,105955.19000000,106287.95000000,105387.68000000,105398.53000000
1751400000000,105398.52000000,106100.00000000,105250.85000000,105681.14000000
1751414400000,105681.13000000,106216.08000000,105100.19000000,106194.70000000
1751428800000,106194.70000000,107186.78000000,106131.55000000,107080.00000000
1751443200000,107080.00000000,107860.23000000,107080.00000000,107479.99000000
1751457600000,107479.98000000,108759.20000000,107186.10000000,108737.74000000
1751472000000,108737.75000000,109730.00000000,108650.97000000,109676.14000000
1751486400000,109676.14000000,109676.14000000,108720.00000000,108849.60000000
1751500800000,108849.59000000,109115.03000000,108530.40000000,108628.21000000
1751515200000,108628.20000000,109548.00000000,108566.14000000,109280.00000000
1751529600000,109279.99000000,110273.21000000,109279.99000000,109599.19000000
1751544000000,109599.18000000,110529.18000000,108749.99000000,109127.84000000
1751558400000,109127.85000000,109910.10000000,109020.80000000,109803.41000000
1751572800000,109803.41000000,110000.00000000,109510.00000000,109584.78000000
1751587200000,109584.77000000,109767.59000000,109103.71000000,109235.57000000
1751601600000,109235.58000000,109329.60000000,108700.00000000,108700.00000000
1751616000000,108700.00000000,109111.00000000,108518.83000000,108888.00000000
1751630400000,108888.00000000,108978.64000000,107505.00000000,107573.29000000
1751644800000,107573.29000000,107922.50000000,107245.00000000,107469.23000000
1751659200000,107469.22000000,108279.33000000,107440.63000000,107984.24000000
1751673600000,107984.25000000,108259.99000000,107756.31000000,108154.72000000
1751688000000,108154.72000000,108420.56000000,108000.00000000,108053.46000000
1751702400000,108053.46000000,108219.19000000,107870.42000000,108112.21000000
1751716800000,108112.20000000,108232.29000000,107971.00000000,108058.00000000
1751731200000,108058.00000000,108167.23000000,107864.75000000,108141.78000000
1751745600000,108141.78000000,108250.00000000,107993.39000000,108198.12000000
1751760000000,108198.12000000,108268.35000000,108025.97000000,108050.49000000
1751774400000,108050.49000000,108218.00000000,107930.45000000,108040.31000000
1751788800000,108040.31000000,108111.00000000,107800.01000000,108076.01000000
1751803200000,108076.00000000,109127.03000000,108045.76000000,108905.99000000
1751817600000,108906.00000000,108966.62000000,108266.67000000,108538.46000000
1751832000000,108538.45000000,109700.00000000,108536.86000000,109203.84000000
1751846400000,109203.85000000,109700.00000000,108679.75000000,109389.47000000
1751860800000,109389.46000000,109447.54000000,108654.94000000,109061.08000000
1751875200000,109061.07000000,109087.86000000,108572.52000000,108642.01000000
1751889600000,108642.01000000,108660.00000000,107970.00000000,108292.59000000
1751904000000,108292.59000000,108493.56000000,107513.20000000,108056.68000000
1751918400000,108056.67000000,108300.00000000,107800.01000000,108262.94000000
1751932800000,108262.94000000,108525.00000000,107429.57000000,107901.52000000
1751947200000,107901.52000000,108499.00000000,107750.00000000,108484.61000000
1751961600000,108484.61000000,109005.00000000,108229.15000000,108756.37000000
1751976000000,108756.37000000,109216.56000000,108217.07000000,108268.35000000
1751990400000,108268.35000000,109147.56000000,108096.55000000,108771.88000000
1752004800000,108771.87000000,108974.00000000,108624.00000000,108922.98000000
1752019200000,108922.99000000,109136.00000000,108348.00000000,108376.41000000
1752033600000,108376.41000000,108942.20000000,108324.53000000,108714.39000000
1752048000000,108714.39000000,109117.00000000,108553.18000000,109058.27000000
1752062400000,109058.27000000,109769.39000000,108503.00000000,109071.32000000
1752076800000,109071.32000000,111999.79000000,109047.49000000,111750.00000000
1752091200000,111749.99000000,111952.33000000,110559.40000000,111233.99000000
1752105600000,111234.00000000,111581.00000000,110880.00000000,111074.51000000
1752120000000,111074.52000000,111432.46000000,110898.00000000,111230.00000000
1752134400000,111229.99000000,111398.96000000,110870.33000000,111019.99000000
1752148800000,111019.99000000,111408.41000000,110500.00000000,111408.40000000
1752163200000,111408.40000000,113788.23000000,111322.32000000,113301.81000000
1752177600000,113301.80000000,116868.00000000,113270.98000000,116010.00000000
1752192000000,116010.01000000,116950.00000000,115222.22000000,116881.70000000
1752206400000,116881.69000000,118404.22000000,116500.00000000,117526.88000000
1752220800000,117526.88000000,118869.98000000,117526.88000000,117821.91000000
1752235200000,117821.91000000,118259.24000000,116724.66000000,116902.59000000
1752249600000,116902.58000000,118138.75000000,116604.87000000,118108.81000000
1752264000000,118108.81000000,118108.81000000,117146.80000000,117527.66000000
1752278400000,117527.66000000,117847.66000000,117141.13000000,117774.42000000
1752292800000,117774.42000000,118054.79000000,117506.37000000,117731.99000000
1752307200000,117731.99000000,118200.00000000,117625.00000000,117810.00000000
1752321600000,117810.00000000,117861.19000000,116900.05000000,117100.01000000
1752336000000,117100.00000000,117639.98000000,117045.86000000,117550.96000000
1752350400000,117550.96000000,117563.75000000,117000.01000000,117420.00000000
1752364800000,117420.00000000,117824.76000000,117224.79000000,117753.60000000
1752379200000,117753.59000000,118054.79000000,117684.22000000,117999.00000000
1752393600000,117998.99000000,118086.66000000,117689.63000000,118072.01000000
1752408000000,118072.01000000,119376.00000000,117989.53000000,118672.24000000
1752422400000,118672.23000000,119488.00000000,118382.56000000,118961.08000000
1752436800000,118961.09000000,119367.37000000,118243.68000000,119086.64000000
1752451200000,119086.65000000,121492.48000000,118905.18000000,120750.24000000
1752465600000,120750.25000000,123218.00000000,120557.63000000,122736.04000000
1752480000000,122736.04000000,122769.19000000,121355.55000000,121467.24000000
1752494400000,121467.23000000,122120.00000000,119611.70000000,119878.23000000
1752508800000,119878.22000000,120526.03000000,119202.00000000,119939.41000000
1752523200000,119939.42000000,120447.00000000,119522.72000000,119841.18000000
1752537600000,119841.17000000,119940.83000000,116840.01000000,117148.47000000
1752552000000,117148.46000000,117765.40000000,116250.00000000,116779.12000000
1752566400000,116779.13000000,117224.08000000,116300.00000000,117113.98000000
1752580800000,117113.98000000,118490.71000000,115736.92000000,116391.43000000
1752595200000,116391.43000000,117800.60000000,116019.05000000,116416.07000000
1752609600000,116416.07000000,117972.86000000,116192.27000000,117758.09000000
1752624000000,117758.08000000,118195.00000000,117017.29000000,117482.67000000
1752638400000,117482.67000000,118300.00000000,117275.63000000,118189.25000000
1752652800000,118189.24000000,119310.75000000,118113.82000000,118769.06000000
1752667200000,118769.06000000,119794.80000000,118181.14000000,119095.76000000
1752681600000,119095.76000000,119904.13000000,118471.38000000,119230.16000000
1752696000000,119230.16000000,120063.84000000,118420.00000000,118630.43000000
1752710400000,118630.44000000,119158.28000000,117683.53000000,118128.80000000
1752724800000,118128.80000000,118772.00000000,117857.03000000,118311.75000000
1752739200000,118311.75000000,119192.00000000,117974.99000000,117995.00000000
1752753600000,117995.00000000,119073.46000000,117453.57000000,118881.99000000
1752768000000,118881.99000000,119880.13000000,118333.60000000,118959.66000000
1752782400000,118959.66000000,120998.71000000,118383.97000000,119177.56000000
1752796800000,119177.56000000,120785.49000000,119020.48000000,120223.09000000
1752811200000,120223.08000000,120820.71000000,119287.72000000,119339.51000000
1752825600000,119339.51000000,119469.21000000,118395.00000000,119171.34000000
1752840000000,119171.35000000,119531.48000000,117315.69000000,117860.25000000
1752854400000,117860.24000000,118054.92000000,117120.53000000,117374.76000000
1752868800000,117374.75000000,118021.62000000,116812.76000000,117924.84000000
1752883200000,117924.84000000,118371.42000000,117613.35000000,118322.54000000
1752897600000,118322.53000000,118364.00000000,118044.19000000,118163.06000000
1752912000000,118163.07000000,118499.90000000,117943.25000000,118327.06000000
1752926400000,118327.05000000,118327.06000000,117627.71000000,118058.11000000
1752940800000,118058.10000000,118161.51000000,117605.26000000,118007.88000000
1752955200000,118007.88000000,118141.00000000,117277.34000000,117840.00000000
1752969600000,117840.01000000,118165.38000000,117650.00000000,117958.01000000
1752984000000,117958.00000000,118218.00000000,117760.67000000,118029.49000000
1752998400000,118029.49000000,118277.17000000,117819.88000000,117878.46000000
1753012800000,117878.46000000,118799.80000000,117723.23000000,118671.11000000
1753027200000,118671.12000000,118856.80000000,117960.00000000,118155.01000000
1753041600000,118155.00000000,118263.00000000,116467.02000000,117265.12000000
1753056000000,117265.11000000,118614.70000000,116515.00000000,118404.00000000
1753070400000,118404.01000000,119676.73000000,118188.95000000,119362.67000000
1753084800000,119364.18000000,119500.00000000,118070.16000000,118070.17000000
1753099200000,118070.17000000,119233.71000000,117778.70000000,118313.16000000
1753113600000,118313.16000000,118399.10000000,116666.00000000,116767.67000000
1753128000000,116767.67000000,117633.66000000,116656.88000000,117380.36000000
1753142400000,117380.36000000,117950.00000000,116128.00000000,117210.00000000
1753156800000,117210.00000000,118594.55000000,116552.18000000,117983.68000000
1753171200000,117983.69000000,119188.30000000,117488.19000000,119154.99000000
1753185600000,119154.99000000,119573.53000000,117550.00000000,118912.04000000
1753200000000,118912.04000000,120183.96000000,118368.19000000,119282.10000000
1753214400000,119282.11000000,120247.80000000,119203.20000000,119954.42000000
1753228800000,119954.43000000,120090.00000000,118532.96000000,118614.17000000
1753243200000,118614.16000000,119006.05000000,118288.20000000,118350.35000000
1753257600000,118350.35000000,118619.79000000,117844.24000000,118538.46000000
1753272000000,118538.46000000,118708.24000000,117301.00000000,118567.39000000
1753286400000,118567.39000000,118567.39000000,117331.63000000,118393.64000000
1753300800000,118393.64000000,118756.00000000,117381.80000000,118755.99000000
1753315200000,118756.00000000,119273.36000000,118466.71000000,118488.92000000
1753329600000,118488.92000000,118610.25000000,117103.10000000,118416.21000000
1753344000000,118416.21000000,118814.47000000,117955.59000000,118600.00000000
1753358400000,118600.00000000,119450.00000000,117832.32000000,119092.65000000
1753372800000,119092.65000000,119395.81000000,118350.00000000,118943.42000000
1753387200000,118943.42000000,119010.64000000,118166.94000000,118340.99000000
1753401600000,118340.98000000,118451.57000000,115330.86000000,115419.66000000
1753416000000,115419.65000000,116144.63000000,114723.16000000,115320.01000000
1753430400000,115320.01000000,116782.13000000,115008.85000000,116543.58000000
1753444800000,116543.59000000,116656.99000000,114908.00000000,115727.08000000
1753459200000,115727.07000000,116997.21000000,115455.46000000,116688.60000000
1753473600000,116688.60000000,117630.00000000,116578.02000000,117614.31000000
1753488000000,117614.31000000,117750.00000000,117138.38000000,117489.62000000
1753502400000,117489.61000000,117547.92000000,117304.46000000,117304.47000000
1753516800000,117304.47000000,118217.45000000,117304.46000000,117776.11000000
1753531200000,117776.10000000,118220.00000000,117772.13000000,118130.10000000
1753545600000,118130.10000000,118297.35000000,117941.96000000,118232.11000000
1753560000000,118232.11000000,118276.66000000,117883.86000000,117919.99000000
1753574400000,117919.99000000,118358.18000000,117825.50000000,118182.83000000
1753588800000,118182.83000000,118438.83000000,118066.74000000,118095.95000000
1753603200000,118095.95000000,118292.86000000,117859.98000000,118072.71000000
1753617600000,118072.71000000,118588.00000000,117890.00000000,118585.74000000
1753632000000,118585.75000000,119540.01000000,118585.75000000,118960.00000000
1753646400000,118960.01000000,119766.65000000,118713.74000000,119415.55000000
1753660800000,119415.56000000,119800.00000000,118960.50000000,119287.99000000
1753675200000,119287.99000000,119701.07000000,118774.31000000,118900.00000000
1753689600000,118900.01000000,119102.69000000,118475.47000000,118827.49000000
1753704000000,118827.49000000,119093.68000000,117895.73000000,118174.90000000
1753718400000,118174.89000000,118376.61000000,117427.50000000,118068.73000000
1753732800000,118068.73000000,118350.01000000,117500.09000000,118062.32000000
1753747200000,118062.32000000,118800.00000000,117450.00000000,118764.85000000
1753761600000,118764.85000000,119273.36000000,118416.66000000,118882.37000000
1753776000000,118882.37000000,119051.00000000,118160.87000000,118592.38000000
1753790400000,118592.38000000,119080.81000000,117272.00000000,117400.01000000
1753804800000,117400.02000000,118057.05000000,116950.75000000,117525.29000000
1753819200000,117525.28000000,118000.00000000,117094.96000000,117950.76000000
1753833600000,117950.75000000,118250.00000000,117412.53000000,118161.87000000
1753848000000,118161.86000000,118412.11000000,117667.33000000,118123.01000000
1753862400000,118123.00000000,118481.81000000,117358.84000000,117579.99000000
1753876800000,117579.99000000,118792.00000000,117358.84000000,118000.01000000
1753891200000,118000.01000000,118037.18000000,115796.23000000,116916.73000000
1753905600000,116916.73000000,117908.40000000,116880.64000000,117840.30000000
1753920000000,117840.29000000,118600.00000000,117781.87000000,118466.14000000
1753934400000,118466.15000000,118922.45000000,118287.63000000,118665.97000000
1753948800000,118665.98000000,118770.07000000,118278.91000000,118371.25000000
1753963200000,118371.25000000,118702.10000000,117807.35000000,118306.18000000
1753977600000,118306.18000000,118879.14000000,116763.43000000,116785.79000000
1753992000000,116785.78000000,116990.04000000,115500.00000000,115764.08000000
1754006400000,115764.07000000,116052.00000000,114313.13000000,115648.03000000
1754020800000,115648.03000000,115916.43000000,114633.18000000,115081.77000000
1754035200000,115081.76000000,115340.00000000,114116.00000000,115305.65000000
1754049600000,115305.64000000,116019.30000000,113988.47000000,115357.82000000
1754064000000,115357.82000000,115695.52000000,113221.93000000,113328.68000000
1754078400000,113328.67000000,114094.08000000,112722.58000000,113297.93000000
1754092800000,113297.92000000,113921.94000000,113198.63000000,113909.86000000
1754107200000,113909.87000000,114063.49000000,113469.43000000,113982.49000000
1754121600000,113982.49000000,114040.29000000,113425.58000000,113787.12000000
1754136000000,113787.11000000,113787.12000000,112802.31000000,112840.71000000
1754150400000,112840.70000000,113420.00000000,112003.00000000,112229.42000000
1754164800000,112229.42000000,113058.82000000,112069.86000000,112546.35000000
1754179200000,112546.35000000,113740.69000000,111920.00000000,113604.20000000
1754193600000,113604.20000000,113720.16000000,113341.06000000,113700.00000000
1754208000000,113700.00000000,114260.31000000,113551.00000000,113862.18000000
1754222400000,113862.19000000,114098.45000000,113579.69000000,113959.06000000
1754236800000,113959.06000000,114799.97000000,113775.55000000,114313.19000000
1754251200000,114313.19000000,114612.24000000,114066.56000000,114208.80000000
1754265600000,114208.81000000,115000.00000000,114107.60000000,114570.61000000
1754280000000,114570.61000000,114778.50000000,114148.58000000,114652.97000000
1754294400000,114652.98000000,114750.00000000,114217.97000000,114493.09000000
1754308800000,114493.09000000,115466.00000000,114121.00000000,114826.00000000
1754323200000,114826.01000000,115720.00000000,114732.65000000,114777.62000000
1754337600000,114777.62000000,115340.00000000,114616.33000000,115055.03000000
1754352000000,115055.03000000,115127.81000000,114256.85000000,114256.85000000
1754366400000,114256.85000000,114500.66000000,113725.72000000,113969.70000000
1754380800000,113969.70000000,115096.73000000,113928.87000000,114827.07000000
1754395200000,114827.07000000,114893.13000000,112650.00000000,112934.00000000
1754409600000,112934.00000000,113763.27000000,112815.68000000,113616.52000000
1754424000000,113616.51000000,114228.88000000,113304.00000000,114129.75000000
1754438400000,114129.75000000,114139.38000000,113400.00000000,113509.97000000
1754452800000,113509.98000000,114417.02000000,113355.13000000,114227.91000000
1754467200000,114227.90000000,114404.23000000,113727.57000000,114226.69000000
1754481600000,114226.68000000,115515.09000000,113579.90000000,115413.87000000
1754496000000,115413.87000000,115716.00000000,114942.18000000,115259.99000000
1754510400000,115260.00000000,115260.00000000,114793.01000000,114992.27000000
1754524800000,114992.27000000,115185.58000000,114404.22000000,114546.03000000
1754539200000,114546.03000000,114876.79000000,114259.00000000,114787.99000000
1754553600000,114787.99000000,116828.93000000,114787.98000000,116519.53000000
1754568000000,116519.54000000,116791.11000000,116035.84000000,116689.81000000
1754582400000,116689.80000000,117520.00000000,115632.31000000,117461.98000000
1754596800000,117461.99000000,117621.00000000,117012.00000000,117472.01000000
1754611200000,117472.02000000,117630.00000000,116694.28000000,116737.35000000
1754625600000,116737.34000000,116973.30000000,116401.00000000,116817.19000000
1754640000000,116817.20000000,116914.60000000,116317.08000000,116891.51000000
1754654400000,116891.51000000,117271.73000000,115878.71000000,116207.69000000
1754668800000,116207.70000000,116900.00000000,116006.14000000,116453.41000000
1754683200000,116453.41000000,116980.00000000,116319.06000000,116674.74000000
1754697600000,116674.74000000,116750.00000000,116299.13000000,116384.01000000
1754712000000,116384.01000000,116980.00000000,116339.45000000,116756.01000000
1754726400000,116756.00000000,117944.05000000,116756.00000000,117110.00000000
1754740800000,117110.00000000,117238.04000000,116700.01000000,116892.47000000
1754755200000,116892.48000000,116947.16000000,116500.00000000,116535.69000000
1754769600000,116535.68000000,117021.16000000,116359.89000000,116462.25000000
1754784000000,116462.25000000,118500.00000000,116460.63000000,118500.00000000
1754798400000,118500.00000000,118741.77000000,117466.34000000,117808.30000000
1754812800000,117808.29000000,118500.00000000,117608.01000000,118330.58000000
1754827200000,118330.58000000,119113.94000000,118232.00000000,118815.00000000
1754841600000,118815.00000000,118944.24000000,118433.80000000,118663.08000000
1754856000000,118663.09000000,119311.11000000,118074.99000000,119294.01000000
1754870400000,119294.27000000,122164.07000000,118972.59000000,121728.99000000
1754884800000,121729.00000000,122335.16000000,121466.08000000,121537.15000000
1754899200000,121537.14000000,121823.00000000,120286.40000000,120561.54000000
1754913600000,120561.53000000,120667.54000000,119382.91000000,120314.40000000
1754928000000,120314.40000000,120794.05000000,118604.17000000,119089.30000000
1754942400000,119089.30000000,119172.63000000,118050.11000000,118686.00000000
1754956800000,118686.00000000,119275.46000000,118593.39000000,118857.70000000
1754971200000,118857.70000000,119158.06000000,118424.86000000,118986.72000000
1754985600000,118986.73000000,119058.43000000,118207.47000000,118522.22000000
1755000000000,118522.22000000,119960.00000000,118285.00000000,119933.00000000
1755014400000,119933.00000000,120192.10000000,119172.62000000,119665.27000000
1755028800000,119665.27000000,120324.43000000,119485.84000000,120134.08000000
1755043200000,120134.09000000,120192.10000000,119094.28000000,119482.01000000
1755057600000,119482.01000000,119820.18000000,118920.92000000,119580.40000000
1755072000000,119580.40000000,120732.94000000,119446.22000000,120570.41000000
1755086400000,120570.41000000,122200.00000000,120106.02000000,120920.62000000
1755100800000,120920.61000000,122839.47000000,120920.61000000,122744.21000000
1755115200000,122744.22000000,123667.79000000,122298.20000000,123306.43000000
1755129600000,123306.44000000,124474.00000000,123250.50000000,123337.14000000
1755144000000,123337.14000000,123428.60000000,121313.86000000,121725.31000000
1755158400000,121725.31000000,122045.90000000,120694.00000000,120949.67000000
1755172800000,120949.66000000,121183.06000000,117632.00000000,118257.25000000
1755187200000,118257.26000000,118535.00000000,117180.00000000,117945.92000000
1755201600000,117945.92000000,118516.81000000,117302.33000000,118295.09000000
1755216000000,118295.09000000,119077.71000000,118032.32000000,118968.91000000
1755230400000,118968.91000000,119216.82000000,118629.58000000,118956.45000000
1755244800000,118956.45000000,119144.50000000,118600.00000000,119006.01000000
1755259200000,119006.01000000,119130.77000000,116827.29000000,117275.22000000
1755273600000,117275.23000000,117882.35000000,116803.99000000,116936.27000000
1755288000000,116936.28000000,117761.88000000,116862.50000000,117342.05000000
1755302400000,117342.04000000,117898.99000000,117231.14000000,117429.63000000
1755316800000,117429.63000000,117884.00000000,117278.00000000,117596.07000000
1755331200000,117596.07000000,117703.92000000,117143.98000000,117378.52000000
1755345600000,117378.52000000,117825.00000000,117327.63000000,117676.70000000
1755360000000,117676.70000000,117817.65000000,117629.94000000,117672.12000000
1755374400000,117672.13000000,117713.51000000,117219.34000000,117380.66000000
1755388800000,117380.66000000,117771.37000000,117172.21000000,117684.95000000
1755403200000,117684.96000000,118230.82000000,117684.95000000,118005.98000000
1755417600000,118005.98000000,118484.00000000,117922.00000000,118308.01000000
1755432000000,118308.00000000,118575.00000000,118059.12000000,118246.16000000
1755446400000,118246.15000000,118316.01000000,117321.53000000,117570.07000000
1755460800000,117570.07000000,117995.37000000,117371.65000000,117405.01000000
1755475200000,117405.01000000,117543.75000000,115000.00000000,115319.00000000
1755489600000,115319.00000000,115712.49000000,114878.71000000,115205.98000000
1755504000000,115205.99000000,115402.51000000,114640.14000000,114947.27000000
1755518400000,114947.27000000,116186.97000000,114825.00000000,116145.34000000
1755532800000,116145.34000000,116800.00000000,115818.86000000,116313.99000000
1755547200000,116314.00000000,116980.00000000,115980.32000000,116227.05000000
1755561600000,116227.05000000,116725.69000000,114787.23000000,114810.00000000
1755576000000,114810.01000000,115483.24000000,114366.00000000,114978.14000000
1755590400000,114978.15000000,115650.00000000,114804.00000000,115508.71000000
1755604800000,115508.71000000,115875.84000000,113587.68000000,113786.38000000
1755619200000,113786.39000000,113897.58000000,112767.06000000,113132.48000000
1755633600000,113132.49000000,113589.48000000,112732.58000000,112872.94000000
1755648000000,112872.95000000,113636.13000000,112566.01000000,113525.91000000
1755662400000,113525.90000000,113837.93000000,113432.00000000,113490.13000000
1755676800000,113490.14000000,114016.77000000,113060.08000000,113666.68000000
1755691200000,113666.69000000,114326.35000000,112380.00000000,113353.94000000
1755705600000,113353.94000000,114444.00000000,113264.01000000,114276.66000000
1755720000000,114276.66000000,114615.38000000,114000.00000000,114271.24000000
1755734400000,114271.23000000,114821.76000000,113906.01000000,113954.62000000
1755748800000,113954.62000000,114033.84000000,113582.43000000,113896.03000000
1755763200000,113896.03000000,113990.00000000,113000.00000000,113148.66000000
1755777600000,113148.65000000,113995.11000000,112608.64000000,112792.08000000
1755792000000,112792.08000000,112969.47000000,112015.67000000,112193.71000000
1755806400000,112193.71000000,112870.94000000,112067.46000000,112500.00000000
1755820800000,112500.00000000,113525.00000000,112335.60000000,112929.24000000
1755835200000,112929.24000000,113394.76000000,112708.81000000,113094.83000000
1755849600000,113094.83000000,113319.30000000,112177.27000000,112320.00000000
1755864000000,112320.01000000,117296.12000000,111684.79000000,116370.75000000
1755878400000,116370.75000000,117429.05000000,116116.00000000,116655.79000000
1755892800000,116655.79000000,117174.43000000,116550.96000000,116935.99000000
1755907200000,116936.00000000,117030.00000000,115458.20000000,115568.77000000
1755921600000,115568.77000000,116034.53000000,115551.20000000,115799.47000000
1755936000000,115799.46000000,115861.80000000,115223.43000000,115310.13000000
1755950400000,115310.13000000,115486.97000000,114560.00000000,114812.87000000
1755964800000,114812.88000000,115190.74000000,114684.11000000,115133.91000000
1755979200000,115133.92000000,115454.12000000,115001.88000000,115438.05000000
1755993600000,115438.06000000,115666.68000000,114934.21000000,115036.00000000
1756008000000,115036.01000000,115283.21000000,114846.14000000,114888.19000000
1756022400000,114888.19000000,115060.99000000,114600.00000000,114730.22000000
1756036800000,114730.22000000,114869.41000000,114350.57000000,114400.00000000
1756051200000,114400.01000000,114917.10000000,110680.00000000,112600.00000000
1756065600000,112600.00000000,113692.97000000,111632.85000000,113493.59000000
1756080000000,113493.59000000,113667.28000000,112159.00000000,112916.84000000
1756094400000,112916.84000000,113059.52000000,111284.05000000,111511.55000000
1756108800000,111511.56000000,111850.13000000,110929.48000000,111214.97000000
1756123200000,111214.97000000,112580.00000000,110588.00000000,112200.64000000
1756137600000,112200.65000000,112937.26000000,110655.01000000,110716.13000000
1756152000000,110716.13000000,111092.54000000,109274.10000000,110111.98000000
1756166400000,110111.98000000,110111.98000000,108666.66000000,109879.56000000
1756180800000,109879.57000000,110547.31000000,109765.93000000,110303.20000000
1756195200000,110303.20000000,110455.13000000,109570.34000000,109876.52000000
1756209600000,109876.53000000,110818.60000000,109393.93000000,109666.33000000
1756224000000,109666.34000000,111162.59000000,109450.00000000,111116.03000000
1756238400000,111116.03000000,112371.00000000,110918.26000000,111763.22000000
1756252800000,111763.22000000,111825.16000000,110918.26000000,111418.15000000
1756267200000,111418.15000000,111737.26000000,110622.50000000,110725.18000000
1756281600000,110725.19000000,111374.45000000,110345.42000000,111322.07000000
1756296000000,111322.07000000,112625.00000000,111019.02000000,112000.00000000
1756310400000,111999.99000000,112600.00000000,111541.23000000,112080.69000000
1756324800000,112080.68000000,112452.05000000,110921.79000000,111262.01000000
1756339200000,111262.01000000,112042.04000000,110862.42000000,112000.01000000
1756353600000,112000.00000000,113360.00000000,111945.07000000,113114.11000000
1756368000000,113114.11000000,113351.51000000,112826.22000000,112909.18000000
1756382400000,112909.18000000,113485.90000000,112391.56000000,112678.53000000
1756396800000,112678.53000000,113186.56000000,111901.35000000,111901.36000000
1756411200000,111901.36000000,112575.98000000,111872.06000000,112566.90000000
1756425600000,112566.90000000,112638.64000000,111302.27000000,111704.23000000
1756440000000,111704.24000000,111850.56000000,109899.99000000,110019.38000000
1756454400000,110019.38000000,110270.30000000,109414.18000000,110098.81000000
1756468800000,110098.81000000,111517.07000000,108103.00000000,108386.23000000
1756483200000,108386.23000000,108832.00000000,107934.24000000,108212.01000000
1756497600000,108212.01000000,108549.99000000,107463.90000000,108377.40000000
1756512000000,108377.40000000,108436.21000000,107350.10000000,108436.20000000
1756526400000,108436.21000000,108697.28000000,108120.00000000,108524.26000000
1756540800000,108524.26000000,108777.43000000,108400.00000000,108680.01000000
1756555200000,108680.01000000,108926.15000000,108190.52000000,108869.98000000
1756569600000,108869.98000000,108900.00000000,108625.46000000,108828.33000000
1756584000000,108828.32000000,108838.27000000,108468.77000000,108816.33000000
1756598400000,108816.33000000,109480.02000000,108801.35000000,109223.84000000
1756612800000,109223.84000000,109231.41000000,108523.49000000,108708.26000000
1756627200000,108708.25000000,109100.00000000,108303.21000000,108389.76000000
1756641600000,108389.77000000,108858.43000000,108191.29000000,108818.69000000
1756656000000,108818.69000000,109237.51000000,108555.00000000,108930.00000000
1756670400000,108930.00000000,109230.00000000,108076.93000000,108246.35000000
1756684800000,108246.36000000,108482.98000000,107393.00000000,107660.01000000
1756699200000,107660.00000000,109432.99000000,107255.00000000,109432.99000000
1756713600000,109432.99000000,109912.40000000,108186.41000000,108782.88000000
1756728000000,108782.89000000,109520.00000000,108566.00000000,108784.33000000
1756742400000,108784.33000000,109329.65000000,108391.30000000,109217.64000000
1756756800000,109217.65000000,109442.95000000,107459.49000000,109237.42000000
1756771200000,109237.43000000,110623.97000000,108883.80000000,110322.18000000
1756785600000,110322.19000000,110610.50000000,110000.00000000,110233.92000000
1756800000000,110233.91000000,110711.10000000,109563.87000000,109733.34000000
1756814400000,109733.33000000,111771.52000000,108393.39000000,110829.17000000
1756828800000,110829.16000000,111119.58000000,110200.00000000,110806.00000000
1756843200000,110806.01000000,111538.17000000,110716.77000000,111240.01000000
1756857600000,111240.01000000,111782.21000000,110892.14000000,111054.01000000
1756872000000,111054.00000000,111151.99000000,110528.71000000,111099.88000000
1756886400000,111099.87000000,111708.00000000,110889.29000000,111437.77000000
1756900800000,111437.77000000,112500.00000000,111031.61000000,112222.74000000
1756915200000,112222.73000000,112575.27000000,111686.24000000,112193.74000000
1756929600000,112193.74000000,112250.00000000,111613.98000000,111705.71000000
1756944000000,111705.72000000,112180.00000000,111136.00000000,111148.97000000
1756958400000,111148.97000000,111318.84000000,110279.68000000,110463.36000000
1756972800000,110463.36000000,111154.93000000,110415.72000000,110810.00000000
1756987200000,110810.00000000,111123.99000000,109329.12000000,109510.31000000
1757001600000,109510.32000000,110218.39000000,109363.26000000,109799.99000000
1757016000000,109800.00000000,111765.31000000,109755.59000000,110730.87000000
1757030400000,110730.87000000,111482.09000000,110435.75000000,111311.77000000
1757044800000,111311.78000000,112999.00000000,111144.51000000,112954.32000000
1757059200000,112954.32000000,112985.00000000,112131.02000000,112354.00000000
1757073600000,112354.00000000,113384.62000000,110286.91000000,110716.82000000
1757088000000,110716.82000000,111627.51000000,110206.96000000,111614.54000000
1757102400000,111614.54000000,111700.00000000,110375.60000000,110659.99000000
1757116800000,110660.00000000,111307.70000000,110552.56000000,111082.22000000
1757131200000,111082.23000000,111082.23000000,110687.69000000,110825.60000000
1757145600000,110825.59000000,110968.00000000,110675.58000000,110781.02000000
1757160000000,110781.03000000,110999.83000000,110358.11000000,110384.15000000
1757174400000,110384.16000000,110402.00000000,109977.00000000,110038.41000000
1757188800000,110038.42000000,110282.82000000,110034.44000000,110187.97000000
1757203200000,110187.98000000,110733.12000000,110180.00000000,110629.15000000
1757217600000,110629.15000000,110911.42000000,110463.10000000,110753.42000000
1757232000000,110753.41000000,111377.19000000,110720.01000000,111292.13000000
1757246400000,111292.12000000,111412.00000000,111042.60000000,111329.99000000
1757260800000,111329.99000000,111371.35000000,110861.20000000,111259.99000000
1757275200000,111259.99000000,111600.00000000,111001.45000000,111137.34000000
1757289600000,111137.35000000,111372.00000000,110621.78000000,111052.11000000
1757304000000,111052.11000000,111609.04000000,110899.69000000,111280.39000000
1757318400000,111280.40000000,112186.98000000,111252.90000000,112052.43000000
1757332800000,112052.43000000,112924.37000000,111877.64000000,112631.75000000
1757347200000,112631.74000000,112670.06000000,111978.67000000,112097.31000000
1757361600000,112097.31000000,112512.71000000,111896.00000000,112065.23000000
1757376000000,112065.23000000,112104.41000000,111111.00000000,111708.00000000
1757390400000,111708.01000000,113293.29000000,111624.12000000,112991.11000000
1757404800000,112991.11000000,113176.51000000,112403.91000000,112433.59000000
1757419200000,112433.59000000,112950.00000000,110766.66000000,110880.76000000
1757433600000,110880.76000000,111388.04000000,110788.00000000,111301.53000000
1757448000000,111301.53000000,111745.69000000,111090.07000000,111546.39000000
1757462400000,111546.38000000,111586.26000000,110917.45000000,111545.88000000
1757476800000,111545.88000000,112602.35000000,111372.42000000,112553.65000000
1757491200000,112553.65000000,112859.80000000,112097.20000000,112299.99000000
1757505600000,112300.00000000,114313.13000000,112299.99000000,113853.99000000
1757520000000,113853.99000000,114074.46000000,113155.03000000,113574.52000000
1757534400000,113574.53000000,114025.78000000,113528.01000000,113960.00000000
1757548800000,113960.00000000,114434.23000000,113669.82000000,114400.01000000
1757563200000,114400.01000000,114459.65000000,113957.20000000,114083.58000000
1757577600000,114083.58000000,114200.00000000,113776.00000000,113999.99000000
1757592000000,113999.99000000,114715.02000000,113430.00000000,114180.31000000
1757606400000,114180.32000000,114605.54000000,114102.00000000,114419.99000000
1757620800000,114420.00000000,115488.09000000,114246.04000000,115482.69000000
1757635200000,115482.69000000,116331.81000000,115045.45000000,115194.14000000
1757649600000,115194.14000000,115656.87000000,115086.70000000,115086.70000000
1757664000000,115086.70000000,115273.12000000,114888.01000000,114913.45000000
1757678400000,114913.45000000,115500.95000000,114740.99000000,115121.18000000
1757692800000,115121.18000000,116665.63000000,115030.30000000,116632.51000000
1757707200000,116632.51000000,116632.51000000,115752.68000000,116029.42000000
1757721600000,116029.41000000,116298.78000000,115576.26000000,115957.00000000
1757736000000,115957.00000000,115957.01000000,115657.81000000,115778.71000000
1757750400000,115778.72000000,116166.71000000,115767.33000000,115974.11000000
1757764800000,115974.11000000,116060.00000000,115603.98000000,115768.68000000
1757779200000,115768.68000000,115817.37000000,115127.27000000,115797.12000000
1757793600000,115797.12000000,115991.29000000,115797.11000000,115918.29000000
1757808000000,115918.29000000,116109.00000000,115651.99000000,115679.98000000
1757822400000,115679.99000000,115936.00000000,115449.59000000,115805.39000000
1757836800000,115805.39000000,116165.19000000,115748.78000000,115794.91000000
1757851200000,115794.92000000,115878.49000000,115141.80000000,115224.01000000
1757865600000,115224.01000000,115657.50000000,115193.90000000,115634.99000000
1757880000000,115634.99000000,116087.35000000,115135.00000000,115268.01000000
1757894400000,115268.01000000,115594.90000000,114825.00000000,115445.45000000
1757908800000,115445.46000000,116757.99000000,115400.00000000,115806.62000000
1757923200000,115806.62000000,115806.62000000,114625.87000000,115070.00000000
1757937600000,115070.01000000,115099.00000000,114384.00000000,114842.90000000
1757952000000,114842.90000000,115570.00000000,114600.00000000,115307.78000000
1757966400000,115307.78000000,115605.07000000,115200.07000000,115349.71000000
1757980800000,115349.71000000,115520.00000000,114945.01000000,115307.25000000
1757995200000,115307.26000000,116009.62000000,114930.00000000,115840.00000000
1758009600000,115839.99000000,115981.17000000,115206.15000000,115287.83000000
1758024000000,115287.84000000,115905.89000000,114737.11000000,115905.88000000
1758038400000,115905.88000000,116870.76000000,115608.28000000,116800.12000000
1758052800000,116800.13000000,116964.27000000,116584.45000000,116788.96000000
1758067200000,116788.96000000,117077.16000000,116371.81000000,116372.04000000
1758081600000,116372.05000000,117286.73000000,116160.22000000,117162.48000000
1758096000000,117162.48000000,117189.86000000,116253.27000000,116258.13000000
1758110400000,116258.12000000,116516.93000000,115432.00000000,115875.32000000
1758124800000,115875.33000000,116333.33000000,114720.81000000,115652.02000000
1758139200000,115652.02000000,116990.68000000,115307.33000000,116447.59000000
1758153600000,116447.60000000,117896.00000000,116092.76000000,117581.66000000
1758168000000,117581.67000000,117750.00000000,116888.02000000,117086.01000000
1758182400000,117086.01000000,117413.04000000,117010.59000000,117063.40000000
1758196800000,117063.41000000,117843.83000000,116977.59000000,117583.56000000
1758211200000,117583.56000000,117900.00000000,117196.33000000,117450.21000000
1758225600000,117450.21000000,117657.17000000,116612.03000000,117073.53000000
1758240000000,117073.53000000,117459.99000000,116871.61000000,116977.58000000
1758254400000,116977.58000000,117100.00000000,116633.86000000,116909.97000000
1758268800000,116909.98000000,117090.36000000,116300.00000000,116394.72000000
1758283200000,116394.72000000,116529.08000000,115464.19000000,115884.03000000
1758297600000,115884.03000000,116136.00000000,115112.58000000,115125.12000000
1758312000000,115125.13000000,115657.28000000,115100.00000000,115632.38000000
1758326400000,115632.39000000,115730.41000000,115408.47000000,115445.00000000
1758340800000,115445.00000000,115985.20000000,115409.08000000,115968.56000000
1758355200000,115968.56000000,115968.57000000,115664.11000000,115894.06000000
1758369600000,115894.05000000,116121.81000000,115804.47000000,115986.69000000
1758384000000,115986.70000000,116079.46000000,115698.08000000,115702.00000000
1758398400000,115702.00000000,115944.70000000,115603.42000000,115685.63000000
1758412800000,115685.63000000,115732.94000000,115441.83000000,115669.41000000
1758427200000,115669.42000000,115815.98000000,115487.56000000,115815.97000000
1758441600000,115815.98000000,115819.06000000,115329.03000000,115603.45000000
1758456000000,115603.45000000,115747.23000000,115473.19000000,115531.61000000
1758470400000,115531.62000000,115665.52000000,115209.02000000,115480.05000000
1758484800000,115480.05000000,115545.43000000,115188.00000000,115232.29000000
1758499200000,115232.29000000,115379.25000000,114150.00000000,114649.89000000
1758513600000,114649.89000000,114649.90000000,111800.00000000,112519.99000000
1758528000000,112520.00000000,112976.02000000,112173.52000000,112876.97000000
1758542400000,112876.97000000,113432.76000000,112380.00000000,112815.50000000
1758556800000,112815.50000000,112888.00000000,111936.40000000,112122.90000000
1758571200000,112122.90000000,112977.41000000,111975.28000000,112650.99000000
1758585600000,112650.99000000,112833.09000000,111478.00000000,112339.99000000
1758600000000,112339.99000000,113114.01000000,111876.15000000,113090.13000000
1758614400000,113090.13000000,113281.50000000,112683.33000000,112975.99000000
1758628800000,112975.99000000,113290.50000000,112496.61000000,112882.19000000
1758643200000,112882.20000000,112958.58000000,111540.20000000,111655.29000000
1758657600000,111655.29000000,112220.54000000,111458.73000000,111998.80000000
1758672000000,111998.80000000,112500.00000000,111683.09000000,111683.09000000
1758686400000,111683.10000000,112779.37000000,111042.66000000,112583.54000000
1758700800000,112583.54000000,113162.17000000,112405.62000000,113029.46000000
1758715200000,113029.45000000,113890.00000000,112808.00000000,113346.41000000
1758729600000,113346.40000000,113940.00000000,113163.21000000,113420.01000000
1758744000000,113420.00000000,113647.58000000,113204.71000000,113307.00000000
1758758400000,113307.01000000,113510.23000000,112214.74000000,112546.21000000
1758772800000,112546.22000000,112614.43000000,111450.42000000,111766.72000000
1758787200000,111766.73000000,112246.46000000,111283.63000000,111348.00000000
1758801600000,111347.99000000,111729.52000000,110629.99000000,111580.77000000
1758816000000,111580.77000000,111672.58000000,108631.51000000,109360.00000000
1758830400000,109360.00000000,109685.72000000,108765.00000000,108994.49000000
1758844800000,108994.49000000,109798.84000000,108809.24000000,109580.01000000
1758859200000,109580.00000000,109625.94000000,108913.00000000,109320.02000000
1758873600000,109320.02000000,109690.98000000,108620.07000000,109133.50000000
1758888000000,109133.50000000,109779.73000000,108764.76000000,109027.78000000
1758902400000,109027.79000000,110300.00000000,109027.78000000,109172.20000000
1758916800000,109172.21000000,109687.69000000,109087.57000000,109643.46000000
1758931200000,109643.46000000,109743.91000000,109324.42000000,109553.77000000
1758945600000,109553.77000000,109742.27000000,109332.02000000,109411.20000000
1758960000000,109411.19000000,109477.69000000,109064.40000000,109310.21000000
1758974400000,109310.22000000,109477.59000000,109193.00000000,109402.24000000
1758988800000,109402.25000000,109440.00000000,109243.89000000,109424.20000000
1759003200000,109424.21000000,109699.98000000,109362.72000000,109635.85000000
1759017600000,109635.85000000,109787.75000000,109325.05000000,109436.00000000
1759032000000,109436.00000000,109537.80000000,109260.00000000,109513.06000000
1759046400000,109513.06000000,109585.39000000,109250.00000000,109369.02000000
1759060800000,109369.02000000,110037.93000000,109189.99000000,110037.93000000
1759075200000,110037.92000000,110393.63000000,110008.54000000,110337.60000000
1759089600000,110337.61000000,112350.00000000,110294.78000000,112163.95000000
1759104000000,112163.96000000,112310.00000000,111588.07000000,111857.51000000
1759118400000,111857.51000000,111904.34000000,111560.65000000,111865.95000000
1759132800000,111865.96000000,112421.99000000,111865.95000000,112100.00000000
1759147200000,112100.00000000,114231.56000000,111901.26000000,113815.57000000
1759161600000,113815.57000000,114390.93000000,113449.74000000,114265.55000000
1759176000000,114265.56000000,114400.00000000,114020.00000000,114311.96000000
1759190400000,114311.97000000,114792.00000000,114040.35000000,114376.39000000
1759204800000,114376.39000000,114376.40000000,113585.00000000,113699.23000000
1759219200000,113699.24000000,113741.37000000,112656.27000000,113055.01000000
1759233600000,113055.00000000,113677.23000000,112866.11000000,113106.16000000
1759248000000,113106.15000000,114563.46000000,112800.00000000,114359.99000000
1759262400000,114359.99000000,114754.87000000,113765.42000000,114048.93000000
1759276800000,114048.94000000,114551.76000000,113966.67000000,114176.92000000
1759291200000,114176.93000000,114740.00000000,114151.00000000,114539.02000000
1759305600000,114539.02000000,116795.85000000,114484.43000000,116789.58000000
1759320000000,116789.57000000,117649.99000000,116363.38000000,117423.73000000
1759334400000,117423.73000000,118199.00000000,116724.56000000,117439.53000000
1759348800000,117439.53000000,118649.10000000,117163.25000000,118594.99000000
1759363200000,118594.99000000,119456.92000000,118368.05000000,118733.99000000
1759377600000,118733.99000000,118930.29000000,118279.31000000,118489.76000000
1759392000000,118489.76000000,118926.49000000,118354.61000000,118765.73000000
1759406400000,118765.72000000,119910.79000000,118516.39000000,119910.78000000
1759420800000,119910.78000000,121022.07000000,119359.63000000,120836.49000000
1759435200000,120836.49000000,120914.00000000,120072.46000000,120529.35000000
1759449600000,120529.35000000,120550.90000000,119820.00000000,120225.89000000
1759464000000,120225.88000000,120324.53000000,119610.59000000,119640.21000000
1759478400000,119640.22000000,120515.89000000,119248.30000000,120334.50000000
1759492800000,120334.51000000,122366.00000000,119881.24000000,122258.05000000
1759507200000,122258.04000000,123894.99000000,121466.25000000,122660.99000000
1759521600000,122661.00000000,122734.92000000,121999.33000000,122232.00000000
1759536000000,122232.21000000,122325.60000000,121684.97000000,122243.99000000
1759550400000,122243.99000000,122800.00000000,122219.30000000,122324.08000000
1759564800000,122324.08000000,122539.83000000,121962.81000000,121973.26000000
1759579200000,121973.26000000,122509.52000000,121698.88000000,121791.31000000
1759593600000,121791.31000000,121964.95000000,121510.00000000,121959.25000000
1759608000000,121959.25000000,122410.00000000,121871.01000000,122391.00000000
1759622400000,122390.99000000,124362.28000000,122136.00000000,123776.22000000
1759636800000,123776.23000000,125708.42000000,123734.00000000,124713.63000000
1759651200000,124713.63000000,124838.37000000,122520.24000000,123464.64000000
1759665600000,123464.64000000,123464.65000000,122675.00000000,122803.17000000
1759680000000,122803.17000000,123464.00000000,122301.63000000,122591.79000000
1759694400000,122591.80000000,123548.83000000,122473.62000000,123482.31000000
1759708800000,123482.32000000,124358.46000000,123084.00000000,123839.09000000
1759723200000,123839.09000000,124165.56000000,123280.49000000,123390.47000000
1759737600000,123390.47000000,124531.66000000,123390.46000000,124215.00000000
1759752000000,124215.00000000,125408.29000000,124178.00000000,125000.00000000
1759766400000,125000.00000000,126199.63000000,124800.00000000,125410.81000000
1759780800000,125410.80000000,125534.00000000,124511.15000000,124658.54000000
1759795200000,124658.54000000,125082.27000000,124101.26000000,124329.74000000
1759809600000,124329.74000000,124654.47000000,123567.60000000,123667.99000000
1759824000000,123668.00000000,124509.60000000,123322.90000000,124453.38000000
1759838400000,124453.37000000,125126.00000000,121172.89000000,121846.01000000
1759852800000,121846.01000000,122084.14000000,120574.94000000,121637.17000000
1759867200000,121637.18000000,122292.62000000,121258.08000000,121332.95000000
1759881600000,121332.96000000,122229.66000000,121200.00000000,121374.75000000
1759896000000,121374.76000000,121910.24000000,121066.14000000,121597.06000000
1759910400000,121597.05000000,123200.00000000,121524.01000000,122884.14000000
1759924800000,122884.14000000,123350.00000000,121649.68000000,122189.72000000
1759939200000,122189.72000000,124197.25000000,122110.08000000,123450.00000000
1759953600000,123450.01000000,123737.00000000,122794.40000000,123306.00000000
1759968000000,123306.01000000,123348.32000000,121475.98000000,122038.01000000
1759982400000,122038.01000000,122264.00000000,121724.71000000,121906.10000000
1759996800000,121906.09000000,122833.02000000,121145.49000000,122737.57000000
1760011200000,122737.56000000,123762.94000000,120673.99000000,121147.14000000
1760025600000,121147.15000000,121481.90000000,119651.47000000,120951.72000000
1760040000000,120951.72000000,121900.00000000,120838.00000000,121662.40000000
1760054400000,121662.41000000,121874.13000000,120900.00000000,121026.01000000
1760068800000,121026.00000000,121754.34000000,120855.41000000,120932.05000000
1760083200000,120932.05000000,121777.07000000,120916.44000000,121554.55000000
1760097600000,121554.55000000,122550.00000000,118500.00000000,119018.98000000
1760112000000,119018.99000000,119456.28000000,115952.47000000,116661.50000000
1760126400000,116661.50000000,117214.64000000,102000.00000000,112774.50000000
1760140800000,112774.49000000,113322.39000000,111019.43000000,112300.01000000
1760155200000,112300.00000000,112991.16000000,110090.29000000,110384.61000000
1760169600000,110384.60000000,112359.67000000,110162.23000000,112280.00000000
1760184000000,112280.01000000,112500.00000000,111793.20000000,111793.20000000
1760198400000,111793.21000000,112185.53000000,110865.82000000,111178.31000000
1760212800000,111178.30000000,111368.29000000,109561.59000000,110644.40000000
1760227200000,110644.40000000,111368.14000000,109565.06000000,110676.00000000
1760241600000,110676.00000000,112125.51000000,110617.10000000,111525.20000000
1760256000000,111525.19000000,112133.33000000,111139.87000000,111848.36000000
1760270400000,111848.35000000,113745.84000000,111177.75000000,113198.20000000
1760284800000,113198.20000000,114700.00000000,113198.20000000,114342.28000000
1760299200000,114342.28000000,115770.00000000,114217.75000000,114958.80000000
1760313600000,114958.81000000,115963.81000000,114619.45000000,114821.12000000
1760328000000,114821.13000000,115554.83000000,114398.24000000,115399.67000000
1760342400000,115399.66000000,115438.17000000,113616.50000000,114180.00000000
1760356800000,114180.00000000,115530.00000000,113800.01000000,114312.10000000
1760371200000,114312.09000000,115891.30000000,114215.79000000,115792.84000000
1760385600000,115792.84000000,115868.00000000,115005.44000000,115166.00000000
1760400000000,115166.00000000,115409.96000000,113279.76000000,113500.00000000
1760414400000,113500.00000000,113691.00000000,111355.01000000,111724.41000000
1760428800000,111724.41000000,112140.00000000,110012.24000000,111313.98000000
1760443200000,111313.98000000,112943.82000000,109866.00000000,112900.43000000
1760457600000,112900.44000000,113544.53000000,111692.31000000,112613.70000000
1760472000000,112613.69000000,113577.00000000,112230.46000000,113028.14000000
1760486400000,113028.13000000,113612.35000000,111825.93000000,112024.29000000
1760500800000,112024.30000000,112680.00000000,111746.76000000,112584.50000000
1760515200000,112584.49000000,113520.88000000,111693.26000000,111905.73000000
1760529600000,111905.72000000,112238.41000000,110400.00000000,110798.01000000
1760544000000,110798.01000000,111557.70000000,110164.00000000,111271.73000000
1760558400000,111271.73000000,111556.27000000,110500.00000000,110763.28000000
1760572800000,110763.28000000,111867.17000000,110361.00000000,111329.48000000
1760587200000,111329.48000000,111773.70000000,110553.19000000,110584.20000000
1760601600000,110584.21000000,111728.70000000,109635.15000000,111404.72000000
1760616000000,111404.73000000,111982.45000000,108361.69000000,108549.21000000
1760630400000,108549.21000000,109254.00000000,107577.57000000,108197.66000000
1760644800000,108197.67000000,108500.00000000,107427.00000000,108194.28000000
1760659200000,108194.27000000,109240.00000000,107934.40000000,109176.74000000
1760673600000,109176.74000000,109236.01000000,105542.09000000,105633.75000000
1760688000000,105633.75000000,106651.22000000,103528.23000000,105683.72000000
1760702400000,105683.71000000,106852.14000000,104533.21000000,106803.53000000
1760716800000,106803.52000000,107575.60000000,106071.42000000,106454.72000000
1760731200000,106457.24000000,107440.02000000,106342.47000000,106431.68000000
1760745600000,106431.68000000,107306.06000000,106322.20000000,107070.40000000
1760760000000,107070.41000000,107499.00000000,106439.38000000,106665.00000000
1760774400000,106665.01000000,107222.00000000,106605.93000000,107208.60000000
1760788800000,107208.61000000,107300.00000000,106739.33000000,106948.75000000
1760803200000,106948.75000000,107091.87000000,106484.00000000,107080.14000000
1760817600000,107080.14000000,107339.03000000,106851.84000000,107185.01000000
1760832000000,107185.00000000,107367.16000000,106734.17000000,107275.78000000
1760846400000,107275.79000000,107290.00000000,106558.61000000,106786.00000000
1760860800000,106786.00000000,108260.50000000,106103.36000000,107783.47000000
1760875200000,107783.47000000,108621.68000000,107355.02000000,108486.70000000
1760889600000,108486.71000000,109450.07000000,108240.00000000,108908.43000000
1760904000000,108908.43000000,109370.99000000,108471.10000000,108642.78000000
1760918400000,108642.77000000,110427.86000000,107402.52000000,110145.44000000
1760932800000,110145.45000000,111445.67000000,109951.96000000,111169.92000000
1760947200000,111169.91000000,111679.25000000,110608.27000000,111016.75000000
1760961600000,111016.75000000,111705.56000000,110588.23000000,111144.55000000
1760976000000,111144.55000000,111303.05000000,109855.83000000,110803.22000000
1760990400000,110803.22000000,111272.00000000,110418.25000000,110532.09000000
1761004800000,110532.09000000,110532.09000000,109052.09000000,109059.22000000
1761019200000,109059.23000000,109059.23000000,107473.72000000,108086.37000000
1761033600000,108086.38000000,108811.47000000,107484.22000000,108580.01000000
1761048000000,108580.00000000,113557.62000000,107922.06000000,113422.61000000
1761062400000,113422.60000000,114000.00000000,111324.29000000,111780.39000000
1761076800000,111780.40000000,111801.41000000,108045.81000000,108297.67000000
1761091200000,108297.66000000,108678.21000000,107841.20000000,108216.02000000
1761105600000,108216.03000000,108638.99000000,107610.00000000,108321.63000000
1761120000000,108321.64000000,108358.76000000,106708.18000000,107555.05000000
1761134400000,107555.04000000,109163.88000000,107443.01000000,108416.50000000
1761148800000,108416.50000000,108796.42000000,107463.29000000,107870.35000000
1761163200000,107870.35000000,108069.93000000,106666.69000000,107567.44000000
1761177600000,107567.45000000,108720.39000000,107500.00000000,108377.96000000
1761192000000,108377.96000000,110298.29000000,108350.36000000,109269.90000000
1761206400000,109269.90000000,109903.83000000,109100.40000000,109253.89000000
1761220800000,109253.88000000,110109.99000000,108685.72000000,109908.28000000
1761235200000,109908.29000000,111293.61000000,109647.34000000,110200.00000000
1761249600000,110200.01000000,110200.01000000,109341.28000000,110078.18000000
1761264000000,110078.19000000,110829.67000000,109983.93000000,110441.46000000
1761278400000,110441.46000000,111522.30000000,110332.00000000,111054.61000000
1761292800000,111054.61000000,111482.99000000,110600.00000000,111066.29000000
1761307200000,111066.29000000,112104.98000000,109700.01000000,110046.91000000
1761321600000,110046.92000000,110945.39000000,109797.13000000,110615.07000000
1761336000000,110615.07000000,111138.62000000,110478.00000000,111004.89000000
1761350400000,111004.90000000,111226.67000000,110672.86000000,111029.99000000
1761364800000,111029.99000000,111820.87000000,111029.99000000,111489.60000000
1761379200000,111489.59000000,111850.13000000,111375.81000000,111563.81000000
1761393600000,111563.81000000,111943.19000000,111311.19000000,111385.18000000
1761408000000,111385.18000000,111731.78000000,111164.39000000,111623.45000000
1761422400000,111623.46000000,111683.64000000,111342.25000000,111646.27000000
1761436800000,111646.27000000,111899.56000000,111260.45000000,111260.46000000
1761451200000,111260.46000000,111724.96000000,111260.46000000,111723.98000000
1761465600000,111723.98000000,113466.23000000,111708.63000000,113286.09000000
1761480000000,113286.09000000,114000.00000000,113279.85000000,113694.97000000
1761494400000,113694.97000000,113793.93000000,113290.62000000,113585.99000000
1761508800000,113585.98000000,115466.80000000,112901.00000000,114559.40000000
1761523200000,114559.41000000,115445.39000000,114362.26000000,114958.51000000
1761537600000,114958.52000000,116400.00000000,114938.01000000,115554.60000000
1761552000000,115554.59000000,115607.48000000,114814.69000000,115362.02000000
1761566400000,115362.02000000,115437.48000000,114503.99000000,114969.68000000
1761580800000,114969.68000000,115790.00000000,114790.81000000,114942.64000000
1761595200000,114942.64000000,114942.64000000,113830.01000000,114107.65000000
1761609600000,114107.65000000,114547.20000000,113569.91000000,113908.24000000
1761624000000,113908.25000000,114364.99000000,113483.30000000,114188.37000000
1761638400000,114188.38000000,114673.68000000,114113.30000000,114357.73000000
1761652800000,114357.72000000,116086.00000000,114138.06000000,114641.38000000
1761667200000,114641.38000000,115591.41000000,113566.44000000,113689.99000000
1761681600000,113689.00000000,113703.32000000,112211.00000000,112898.45000000
1761696000000,112898.44000000,112975.75000000,112100.00000000,112523.49000000
1761710400000,112523.49000000,113577.90000000,112505.58000000,113577.90000000
1761724800000,113577.90000000,113624.12000000,112732.91000000,113132.36000000
1761739200000,113132.35000000,113643.73000000,111401.50000000,111509.74000000
1761753600000,111509.74000000,112030.23000000,109200.00000000,110640.00000000
1761768000000,110640.00000000,111800.00000000,109733.22000000,110021.29000000
1761782400000,110021.30000000,111011.99000000,109703.43000000,110751.47000000
1761796800000,110751.48000000,111592.00000000,107925.06000000,111366.72000000
1761811200000,111366.72000000,111467.01000000,109692.30000000,109717.29000000
1761825600000,109717.19000000,109777.93000000,107328.00000000,107711.56000000
1761840000000,107711.56000000,108214.85000000,106304.34000000,106536.39000000
1761854400000,106536.39000000,108334.53000000,106316.17000000,108322.88000000
1761868800000,108322.87000000,110042.16000000,108275.28000000,109227.86000000
1761883200000,109227.87000000,110215.00000000,109114.88000000,109449.31000000
1761897600000,109449.32000000,110550.00000000,109214.13000000,110415.61000000
1761912000000,110415.62000000,111190.00000000,109366.91000000,110202.90000000
1761926400000,110202.90000000,110300.00000000,108635.00000000,109828.78000000
1761940800000,109828.78000000,109828.79000000,109329.15000000,109608.01000000
1761955200000,109608.01000000,110315.54000000,109394.81000000,110226.37000000
1761969600000,110226.38000000,110564.49000000,109933.86000000,110071.40000000
1761984000000,110071.40000000,110270.90000000,109854.72000000,110137.59000000
1761998400000,110137.59000000,110348.00000000,109702.66000000,110310.65000000
1762012800000,110310.65000000,110529.99000000,110192.00000000,110299.99000000
1762027200000,110300.00000000,110516.17000000,109858.44000000,110098.10000000
1762041600000,110098.10000000,110263.91000000,109879.39000000,110053.23000000
1762056000000,110053.22000000,111045.09000000,110030.06000000,110895.53000000
1762070400000,110895.53000000,111229.78000000,110346.15000000,111196.99000000
1762084800000,111196.99000000,111250.01000000,110096.32000000,110117.48000000
1762099200000,110117.49000000,110331.00000000,109735.59000000,110180.84000000
1762113600000,110180.85000000,110742.26000000,109471.34000000,110540.68000000
1762128000000,110540.69000000,110750.00000000,107907.44000000,107937.45000000
1762142400000,107937.45000000,108075.00000000,107006.05000000,107468.23000000
1762156800000,107468.23000000,107920.92000000,106726.63000000,107787.42000000
1762171200000,107787.42000000,108333.00000000,105511.00000000,105745.71000000
1762185600000,105745.71000000,107783.20000000,105306.56000000,107090.00000000
1762200000000,107090.00000000,107169.68000000,105755.59000000,106583.04000000
1762214400000,106583.05000000,107298.74000000,105852.37000000,107158.79000000
1762228800000,107158.79000000,107299.00000000,104200.00000000,104490.72000000
1762243200000,104490.73000000,104699.07000000,103605.00000000,104584.76000000
1762257600000,104584.75000000,104842.63000000,102915.05000000,103197.01000000
1762272000000,103197.02000000,103500.05000000,100010.73000000,100542.64000000
1762286400000,100542.64000000,101893.09000000,98944.36000000,101497.22000000
1762300800000,101497.23000000,102272.23000000,98966.80000000,102130.00000000
1762315200000,102130.00000000,102370.00000000,101500.00000000,101993.02000000
1762329600000,101993.03000000,102203.48000000,101176.47000000,102070.61000000
1762344000000,102070.62000000,103798.37000000,101916.77000000,103728.30000000
1762358400000,103728.30000000,104529.41000000,103057.56000000,104008.09000000
1762372800000,104008.09000000,104534.74000000,103305.05000000,103885.16000000
1762387200000,103885.16000000,103933.33000000,102716.26000000,103636.03000000
1762401600000,103636.92000000,104200.00000000,102910.66000000,103185.48000000
1762416000000,103184.75000000,103440.00000000,102651.63000000,103227.58000000
1762430400000,103227.59000000,103626.46000000,101630.00000000,102014.48000000
1762444800000,102014.49000000,102393.51000000,100300.95000000,101388.81000000
1762459200000,101388.82000000,101643.28000000,100541.17000000,101346.04000000
1762473600000,101346.04000000,102500.00000000,100749.94000000,101916.29000000
1762488000000,101916.30000000,102527.00000000,101582.92000000,102010.00000000
1762502400000,102009.99000000,102050.00000000,99803.58000000,100411.89000000
1762516800000,100411.89000000,101253.99000000,99260.86000000,100797.95000000
1762531200000,100797.95000000,103395.25000000,100517.06000000,103395.25000000
1762545600000,103395.92000000,104096.36000000,102958.00000000,103339.08000000
1762560000000,103339.09000000,103406.22000000,102539.49000000,102592.76000000
1762574400000,102592.76000000,102836.00000000,101902.64000000,102352.96000000
1762588800000,102352.96000000,102687.72000000,101715.76000000,101857.10000000
1762603200000,101857.10000000,102186.99000000,101454.00000000,101711.45000000
1762617600000,101711.46000000,102219.39000000,101522.08000000,101989.65000000
1762632000000,101989.65000000,102482.20000000,101957.94000000,102312.94000000
1762646400000,102312.95000000,102337.89000000,101400.00000000,101662.05000000
1762660800000,101662.05000000,102130.61000000,101635.96000000,101944.59000000
1762675200000,101944.60000000,102307.68000000,101500.00000000,102239.41000000
1762689600000,102239.41000000,104168.00000000,102050.64000000,103762.17000000
1762704000000,103762.18000000,104805.57000000,103316.23000000,104805.57000000
1762718400000,104805.57000000,105495.62000000,104058.59000000,104722.96000000
1762732800000,104722.95000000,106670.11000000,104265.02000000,106027.97000000
1762747200000,106027.97000000,106539.40000000,105846.26000000,106461.45000000
1762761600000,106461.46000000,106599.47000000,105836.00000000,106176.50000000
1762776000000,106176.50000000,106589.89000000,104667.00000000,105079.99000000
1762790400000,105079.99000000,106094.31000000,104784.36000000,105817.99000000
1762804800000,105818.00000000,106299.22000000,105280.00000000,106011.13000000
1762819200000,106011.13000000,107500.00000000,105500.00000000,106456.00000000
1762833600000,106456.00000000,106546.00000000,104741.20000000,104783.98000000
1762848000000,104783.99000000,105497.99000000,104762.23000000,105311.90000000
1762862400000,105311.90000000,105500.00000000,103170.33000000,103455.99000000
1762876800000,103455.99000000,103730.00000000,102840.22000000,103126.39000000
1762891200000,103126.39000000,103224.29000000,102476.09000000,103058.99000000
1762905600000,103059.00000000,103440.96000000,102687.72000000,103310.00000000
1762920000000,103310.00000000,103654.38000000,103011.00000000,103112.66000000
1762934400000,103112.65000000,105200.00000000,103112.24000000,105020.83000000
1762948800000,105020.82000000,105333.33000000,101961.97000000,102173.51000000
1762963200000,102173.51000000,102285.18000000,100813.59000000,101297.31000000
1762977600000,101297.31000000,101999.35000000,101141.03000000,101654.37000000
1762992000000,101654.37000000,102604.00000000,100922.55000000,102130.21000000
1763006400000,102130.21000000,104085.01000000,101665.59000000,103475.66000000
1763020800000,103475.66000000,103811.49000000,102553.63000000,102936.50000000
1763035200000,102936.49000000,103483.83000000,101184.14000000,101382.64000000
1763049600000,101382.63000000,101540.93000000,98147.40000000,98682.14000000
1763064000000,98682.13000000,100501.31000000,98000.40000000,99692.02000000
1763078400000,99692.03000000,99866.02000000,98700.00000000,99139.38000000
1763092800000,99139.38000000,99178.58000000,95933.75000000,97151.98000000
1763107200000,97151.97000000,97553.70000000,95711.00000000,96167.44000000
1763121600000,96167.45000000,97322.35000000,94560.48000000,96796.14000000
1763136000000,96796.14000000,97411.11000000,94800.55000000,95778.29000000
1763150400000,95778.30000000,95940.00000000,94012.45000000,94594.00000000
1763164800000,94594.00000000,96846.68000000,94558.49000000,96417.12000000
1763179200000,96417.12000000,96570.65000000,95921.21000000,96333.86000000
1763193600000,96333.87000000,96350.52000000,95630.00000000,95696.87000000
1763208000000,95696.86000000,96471.22000000,95565.17000000,96260.00000000
1763222400000,96259.99000000,96419.65000000,95731.32000000,96012.01000000
1763236800000,96012.01000000,96012.01000000,95119.94000000,95596.24000000
1763251200000,95596.23000000,95979.79000000,94841.62000000,95825.02000000
1763265600000,95825.02000000,96192.00000000,95650.72000000,96099.99000000
1763280000000,96099.98000000,96635.11000000,95500.00000000,95627.13000000
1763294400000,95627.13000000,95900.00000000,94368.24000000,94573.46000000
1763308800000,94573.46000000,95567.79000000,93770.48000000,94020.00000000
1763323200000,94020.49000000,94739.74000000,93005.55000000,94261.44000000
1763337600000,94261.45000000,95559.99000000,93767.27000000,95496.77000000
1763352000000,95496.77000000,95880.00000000,94849.37000000,95653.77000000
1763366400000,95653.78000000,96026.71000000,95309.68000000,95565.38000000
1763380800000,95565.38000000,96043.00000000,93571.30000000,93959.67000000
1763395200000,93959.68000000,94419.88000000,91588.00000000,91678.93000000
1763409600000,91678.93000000,92399.48000000,91220.00000000,92215.14000000
1763424000000,92215.14000000,92357.51000000,89700.00000000,90842.72000000
1763438400000,90842.72000000,90851.66000000,89253.78000000,90512.10000000
1763452800000,90512.10000000,91617.17000000,90509.79000000,91517.82000000
1763467200000,91517.83000000,93049.91000000,90905.70000000,92910.10000000
1763481600000,92910.10000000,93836.01000000,92579.23000000,93195.61000000
1763496000000,93195.61000000,93423.74000000,92462.72000000,92960.83000000
1763510400000,92960.83000000,92980.22000000,91660.49000000,91874.52000000
1763524800000,91874.51000000,92028.92000000,90025.06000000,91863.64000000
1763539200000,91863.64000000,91950.00000000,91072.41000000,91410.22000000
1763553600000,91410.23000000,92384.61000000,89880.00000000,89951.70000000
1763568000000,89951.70000000,90232.56000000,88630.71000000,88884.56000000
1763582400000,88884.56000000,91594.00000000,88608.00000000,91554.96000000
1763596800000,91554.96000000,92798.14000000,91185.26000000,92440.32000000
1763611200000,92440.33000000,93160.00000000,91687.07000000,92320.18000000
1763625600000,92320.18000000,92400.94000000,91440.55000000,91934.00000000
1763640000000,91934.01000000,92541.92000000,89835.34000000,89869.88000000
1763654400000,89869.88000000,89911.73000000,86100.00000000,86921.28000000
1763668800000,86921.27000000,88250.00000000,86325.23000000,86637.23000000
1763683200000,86637.22000000,87498.94000000,85360.00000000,85821.34000000
1763697600000,85821.35000000,86459.53000000,82000.00000000,84049.39000000
1763712000000,84049.38000000,84709.89000000,81648.00000000,82309.66000000
1763726400000,82309.67000000,85496.00000000,80600.00000000,82932.47000000
1763740800000,82932.46000000,85572.82000000,82333.00000000,84209.30000000
1763755200000,84209.30000000,85416.66000000,83464.96000000,85129.43000000
1763769600000,85129.42000000,85620.00000000,84212.39000000,84440.47000000
1763784000000,84440.48000000,84799.54000000,83832.91000000,84580.06000000
1763798400000,84580.06000000,84586.62000000,83500.00000000,84098.94000000
1763812800000,84098.94000000,84755.83000000,83620.16000000,84284.01000000
1763827200000,84284.01000000,84899.00000000,84219.62000000,84609.76000000
1763841600000,84609.77000000,85260.00000000,84237.70000000,84739.74000000
1763856000000,84739.75000000,86349.84000000,84667.57000000,86308.54000000
1763870400000,86308.54000000,86860.00000000,85420.00000000,85782.19000000
1763884800000,85782.18000000,86465.24000000,85768.22000000,86331.28000000
1763899200000,86331.28000000,87244.51000000,86271.10000000,87087.44000000
1763913600000,87087.44000000,87689.47000000,86502.47000000,87325.01000000
1763928000000,87325.01000000,88127.64000000,86701.54000000,86830.00000000
1763942400000,86830.00000000,88059.44000000,85946.65000000,87460.02000000
1763956800000,87460.03000000,87837.57000000,86450.00000000,87050.39000000
1763971200000,87050.39000000,87050.39000000,85696.56000000,86264.72000000
1763985600000,86264.71000000,86741.50000000,85272.00000000,86616.44000000
1764000000000,86616.44000000,88834.62000000,86616.43000000,88327.29000000
1764014400000,88327.29000000,89228.00000000,88252.50000000,88300.01000000
1764028800000,88300.01000000,88300.01000000,87457.53000000,87822.12000000
1764043200000,87822.12000000,88519.99000000,87300.00000000,87384.81000000
1764057600000,87384.81000000,87606.57000000,86666.00000000,87361.71000000
1764072000000,87361.71000000,87792.20000000,86116.00000000,86988.94000000
1764086400000,86988.93000000,88155.65000000,86182.49000000,86882.85000000
1764100800000,86882.84000000,87889.38000000,86565.48000000,87369.96000000
1764115200000,87369.97000000,88224.00000000,87069.97000000,87119.92000000
1764129600000,87119.93000000,87970.00000000,86909.99000000,87935.05000000
1764144000000,87935.05000000,87941.58000000,86670.36000000,87095.79000000
1764158400000,87095.78000000,87693.21000000,86306.77000000,86978.00000000
1764172800000,86977.99000000,90418.39000000,86956.61000000,89957.36000000
1764187200000,89957.37000000,90656.08000000,89508.85000000,90484.02000000
1764201600000,90484.01000000,91950.00000000,90089.91000000,91091.68000000
1764216000000,91091.68000000,91554.49000000,90889.11000000,91408.34000000
1764230400000,91408.34000000,91940.18000000,91221.17000000,91371.88000000
1764244800000,91371.87000000,91457.36000000,90438.43000000,90958.30000000
1764259200000,90958.29000000,91843.59000000,90850.77000000,91528.21000000
1764273600000,91528.22000000,91600.00000000,91114.52000000,91333.95000000
1764288000000,91333.94000000,91417.99000000,90652.55000000,91208.85000000
1764302400000,91208.85000000,91707.79000000,90867.43000000,90910.87000000
1764316800000,90910.87000000,92030.00000000,90907.98000000,91437.64000000
1764331200000,91437.64000000,93092.00000000,91380.94000000,92362.49000000
1764345600000,92362.50000000,92376.00000000,90180.63000000,91157.44000000
1764360000000,91157.44000000,91247.16000000,90705.57000000,90890.70000000
1764374400000,90890.71000000,91119.99000000,90546.36000000,90680.26000000
1764388800000,90680.26000000,90931.56000000,90311.92000000,90567.67000000
1764403200000,90567.66000000,90738.17000000,90376.37000000,90673.19000000
1764417600000,90673.20000000,91110.36000000,90530.93000000,91063.50000000
1764432000000,91063.50000000,91165.65000000,90155.47000000,90640.78000000
1764446400000,90640.77000000,91051.87000000,90400.21000000,90802.44000000
1764460800000,90802.44000000,91055.50000000,90471.00000000,90909.35000000
1764475200000,90909.35000000,91037.72000000,90670.40000000,90968.16000000
1764489600000,90968.16000000,91632.00000000,90927.16000000,91048.78000000
1764504000000,91048.79000000,92000.01000000,91009.00000000,91435.31000000
1764518400000,91435.31000000,91850.00000000,91159.42000000,91460.79000000
1764532800000,91460.79000000,91626.75000000,90336.90000000,90360.00000000
1764547200000,90360.01000000,90417.00000000,86161.61000000,86346.13000000
1764561600000,86346.13000000,86578.06000000,85604.00000000,86550.30000000
1764576000000,86550.30000000,86938.01000000,86131.01000000,86149.15000000
1764590400000,86146.59000000,86674.00000000,83822.76000000,84677.87000000
1764604800000,84677.87000000,85555.00000000,84030.95000000,85024.50000000
1764619200000,85024.50000000,86860.00000000,85007.69000000,86286.01000000
1764633600000,86286.01000000,87350.00000000,86184.39000000,86976.99000000
1764648000000,86977.00000000,87288.48000000,86818.14000000,87012.65000000
1764662400000,87012.64000000,87628.78000000,86296.21000000,87368.92000000
1764676800000,87368.92000000,91200.00000000,87032.75000000,90850.01000000
1764691200000,90850.01000000,92307.65000000,90201.00000000,91903.39000000
1764705600000,91903.38000000,92000.00000000,90720.87000000,91277.88000000
1764720000000,91277.88000000,93087.09000000,90990.23000000,92628.91000000
1764734400000,92628.91000000,93958.58000000,92625.00000000,92999.99000000
1764748800000,93000.00000000,93389.62000000,92666.00000000,93005.68000000
1764763200000,93005.68000000,93700.00000000,91697.00000000,92373.30000000
1764777600000,92373.30000000,93500.00000000,91786.99000000,93024.99000000
1764792000000,93025.00000000,94150.00000000,92825.56000000,93429.95000000
1764806400000,93429.95000000,94080.00000000,92669.82000000,93543.04000000
1764820800000,93543.03000000,93588.48000000,92775.00000000,93397.67000000
1764835200000,93397.67000000,93621.31000000,92736.90000000,92948.31000000
1764849600000,92948.32000000,93257.00000000,91801.00000000,92971.49000000
1764864000000,92971.49000000,93174.55000000,90889.00000000,91975.44000000
1764878400000,91975.43000000,92718.53000000,91688.92000000,92078.06000000
1764892800000,92078.06000000,92692.36000000,91959.92000000,92142.75000000
1764907200000,92142.75000000,92497.51000000,91813.37000000,92258.65000000
1764921600000,92258.64000000,92258.65000000,90956.25000000,91351.43000000
1764936000000,91351.44000000,91478.67000000,89874.70000000,90459.35000000
1764950400000,90459.34000000,90498.59000000,88056.00000000,89629.26000000
1764964800000,89629.27000000,89745.37000000,88901.60000000,89330.04000000
1764979200000,89330.04000000,89806.43000000,89030.67000000,89688.35000000
1764993600000,89688.35000000,89764.19000000,89459.19000000,89597.13000000
1765008000000,89597.14000000,89750.01000000,89217.59000000,89631.28000000
1765022400000,89631.29000000,90289.97000000,89490.98000000,89758.77000000
1765036800000,89758.77000000,89981.20000000,89077.60000000,89405.64000000
1765051200000,89405.65000000,89615.34000000,88908.01000000,89236.79000000
1765065600000,89236.80000000,89749.59000000,89176.52000000,89722.37000000
1765080000000,89722.37000000,89799.96000000,89200.00000000,89379.72000000
1765094400000,89379.73000000,89538.70000000,89050.01000000,89149.18000000
1765108800000,89149.18000000,89707.54000000,87719.28000000,89554.52000000
1765123200000,89554.52000000,91760.00000000,89115.85000000,91425.52000000
1765137600000,91425.51000000,91510.40000000,88995.33000000,90395.31000000
1765152000000,90395.32000000,91700.00000000,89860.00000000,91068.29000000
1765166400000,91068.30000000,91868.76000000,91023.06000000,91565.46000000
1765180800000,91565.46000000,92287.15000000,91486.46000000,91968.29000000
1765195200000,91968.29000000,92122.08000000,89612.00000000,89961.37000000
1765209600000,89961.36000000,90527.30000000,89679.79000000,90124.48000000
1765224000000,90124.49000000,91374.00000000,90124.49000000,90634.34000000
1765238400000,90634.35000000,90846.26000000,89795.84000000,90405.01000000
1765252800000,90405.02000000,90528.67000000,89500.00000000,90496.80000000
1765267200000,90496.80000000,90600.00000000,89912.48000000,90384.55000000
1765281600000,90384.54000000,92876.92000000,90004.73000000,92707.51000000
1765296000000,92707.50000000,94588.99000000,92693.50000000,93800.83000000
1765310400000,93800.83000000,93857.47000000,92254.92000000,92678.80000000
1765324800000,92678.81000000,92786.35000000,91976.00000000,92410.62000000
1765339200000,92410.62000000,92782.92000000,92386.83000000,92782.91000000
1765353600000,92782.91000000,93291.50000000,91763.69000000,92120.45000000
1765368000000,92120.45000000,92226.00000000,91563.15000000,92063.69000000
1765382400000,92063.69000000,93243.59000000,91684.39000000,92957.67000000
1765396800000,92957.67000000,94476.00000000,91878.00000000,92015.37000000
1765411200000,92015.38000000,92080.32000000,89389.63000000,89880.01000000
1765425600000,89880.00000000,90480.14000000,89694.81000000,90272.75000000
1765440000000,90272.76000000,90504.19000000,89971.11000000,90242.35000000
1765454400000,90242.36000000,90653.33000000,89260.63000000,89872.51000000
1765468800000,89872.51000000,91538.26000000,89333.00000000,90839.81000000
1765483200000,90839.81000000,93555.00000000,90797.76000000,92513.38000000
1765497600000,92513.38000000,92754.00000000,91448.31000000,92283.40000000
1765512000000,92283.40000000,92720.00000000,92078.91000000,92425.34000000
1765526400000,92425.33000000,92650.01000000,92044.80000000,92418.19000000
1765540800000,92418.19000000,92660.74000000,89780.00000000,89935.14000000
1765555200000,89935.13000000,90666.00000000,89480.00000000,90198.22000000
1765569600000,90198.23000000,90404.13000000,89898.61000000,90268.42000000
1765584000000,90268.43000000,90469.71000000,90120.00000000,90345.54000000
1765598400000,90345.55000000,90410.50000000,90268.91000000,90329.97000000
1765612800000,90329.98000000,90634.55000000,90290.00000000,90330.36000000
1765627200000,90330.36000000,90470.30000000,89932.99000000,90092.16000000
1765641600000,90092.17000000,90268.13000000,89981.00000000,90178.16000000
1765656000000,90178.17000000,90280.76000000,89766.39000000,90240.01000000
1765670400000,90240.00000000,90472.40000000,90117.05000000,90258.98000000
1765684800000,90258.99000000,90329.24000000,90050.74000000,90245.60000000
1765699200000,90245.60000000,90280.01000000,88687.27000000,89360.00000000
1765713600000,89360.01000000,89666.00000000,88882.66000000,89022.91000000
1765728000000,89022.92000000,89398.71000000,88497.02000000,88644.88000000
1765742400000,88644.88000000,88827.71000000,87577.36000000,88172.17000000
1765756800000,88172.16000000,90052.64000000,88074.37000000,89282.60000000
1765771200000,89282.60000000,89918.48000000,89272.88000000,89753.42000000
1765785600000,89753.43000000,89986.68000000,89572.05000000,89641.28000000
1765800000000,89641.28000000,89876.42000000,86621.91000000,87033.22000000
1765814400000,87033.21000000,87220.00000000,85146.64000000,86149.96000000
1765828800000,86149.96000000,86472.70000000,85530.01000000,86432.08000000
1765843200000,86432.08000000,86535.22000000,85386.00000000,85875.92000000
1765857600000,85875.91000000,86615.38000000,85266.00000000,86021.51000000
1765872000000,86021.51000000,87330.00000000,85930.97000000,87261.45000000
1765886400000,87261.46000000,88175.98000000,86107.43000000,87977.43000000
1765900800000,87977.44000000,88050.17000000,87061.23000000,87585.77000000
1765915200000,87585.76000000,87931.48000000,87343.75000000,87863.42000000
1765929600000,87863.43000000,87950.00000000,87150.01000000,87213.59000000
1765944000000,87213.60000000,87398.54000000,86209.11000000,87045.59000000
1765958400000,87045.59000000,87137.42000000,86238.91000000,86983.26000000
1765972800000,86983.26000000,90365.85000000,86817.27000000,87233.44000000
1765987200000,87233.44000000,87769.23000000,85314.00000000,86018.53000000
1766001600000,86018.53000000,86431.14000000,85644.09000000,86243.22000000
1766016000000,86243.23000000,86863.75000000,85863.93000000,86618.34000000
1766030400000,86618.35000000,86901.40000000,86384.61000000,86833.84000000
1766044800000,86833.83000000,87453.63000000,86685.14000000,87300.74000000
1766059200000,87300.50000000,89477.61000000,87109.76000000,88513.44000000
1766073600000,88513.43000000,88533.61000000,84481.31000000,84483.79000000
1766088000000,84483.80000000,85835.90000000,84450.01000000,85516.41000000
1766102400000,85516.41000000,87568.99000000,85110.24000000,86891.39000000
1766116800000,86891.39000000,88449.06000000,86647.51000000,87953.40000000
1766131200000,87953.39000000,88385.06000000,87742.60000000,88198.70000000
1766145600000,88198.70000000,89399.97000000,87514.59000000,87951.87000000
1766160000000,87951.86000000,88882.55000000,86846.16000000,87845.92000000
1766174400000,87845.92000000,88426.85000000,87614.79000000,88136.94000000
1766188800000,88136.95000000,88339.27000000,87961.60000000,88214.98000000
1766203200000,88214.98000000,88573.07000000,88123.07000000,88275.41000000
1766217600000,88275.41000000,88428.00000000,88107.35000000,88277.66000000
1766232000000,88277.66000000,88343.73000000,87795.76000000,88178.71000000
1766246400000,88178.72000000,88418.73000000,88103.54000000,88232.92000000
1766260800000,88232.92000000,88443.44000000,88154.06000000,88360.90000000
1766275200000,88360.91000000,88433.64000000,87869.35000000,88070.64000000
1766289600000,88070.64000000,88201.59000000,88050.00000000,88174.79000000
1766304000000,88174.79000000,89081.77000000,88141.87000000,88601.57000000
1766318400000,88601.57000000,88920.01000000,87600.04000000,88067.95000000
1766332800000,88067.96000000,88600.00000000,87950.00000000,88484.01000000
1766347200000,88484.01000000,88823.52000000,88091.96000000,88658.86000000
1766361600000,88658.87000000,89627.24000000,87900.00000000,88774.12000000
1766376000000,88774.13000000,89200.00000000,88712.11000000,89170.10000000
1766390400000,89170.10000000,90118.00000000,89093.44000000,89945.43000000
1766404800000,89945.43000000,90588.23000000,89196.42000000,89726.92000000
1766419200000,89726.93000000,90127.00000000,87965.76000000,88052.43000000
1766433600000,88052.42000000,88833.33000000,87911.79000000,88620.79000000
1766448000000,88620.79000000,88940.00000000,87800.00000000,88170.00000000
1766462400000,88170.00000000,88368.10000000,87051.52000000,87574.79000000
1766476800000,87574.78000000,87890.00000000,87297.69000000,87856.65000000
1766491200000,87856.66000000,87963.03000000,86601.90000000,87443.45000000
1766505600000,87443.45000000,88275.40000000,87162.39000000,87752.87000000
1766520000000,87752.88000000,88372.35000000,87180.00000000,87486.00000000
1766534400000,87486.00000000,87839.66000000,86863.88000000,87336.23000000
1766548800000,87336.23000000,87458.54000000,86796.65000000,86911.53000000
1766563200000,86911.53000000,87359.59000000,86724.05000000,87203.94000000
1766577600000,87203.94000000,87478.59000000,86420.00000000,87049.99000000
1766592000000,87050.00000000,87670.00000000,86917.25000000,87566.06000000
1766606400000,87566.07000000,88049.89000000,87516.77000000,87669.45000000
1766620800000,87669.44000000,87967.50000000,87508.52000000,87840.42000000
1766635200000,87840.42000000,87862.20000000,87661.17000000,87837.59000000
1766649600000,87837.59000000,87888.00000000,87251.60000000,87519.44000000
1766664000000,87519.45000000,88592.74000000,87398.78000000,88371.27000000
1766678400000,88371.27000000,88478.00000000,87993.21000000,88151.18000000
1766692800000,88151.19000000,88167.65000000,86934.72000000,87225.27000000
1766707200000,87225.27000000,89440.00000000,86891.70000000,88844.87000000
1766721600000,88844.88000000,89567.75000000,88347.45000000,88470.75000000
1766736000000,88470.75000000,88918.59000000,88414.81000000,88533.42000000
1766750400000,88533.43000000,89050.00000000,86655.08000000,87137.81000000
1766764800000,87137.81000000,87580.29000000,86818.18000000,87501.83000000
1766779200000,87501.83000000,87792.70000000,87321.40000000,87369.56000000
1766793600000,87369.56000000,87532.00000000,87253.05000000,87514.22000000
1766808000000,87514.23000000,87702.00000000,87417.93000000,87539.26000000
1766822400000,87539.26000000,87677.00000000,87370.73000000,87475.98000000
1766836800000,87475.99000000,87589.99000000,87308.05000000,87551.25000000
1766851200000,87551.26000000,87591.00000000,87442.08000000,87569.39000000
1766865600000,87569.39000000,87984.00000000,87499.99000000,87877.01000000
1766880000000,87877.00000000,87961.37000000,87705.97000000,87740.01000000
1766894400000,87740.00000000,87837.99000000,87614.79000000,87730.85000000
1766908800000,87730.86000000,88010.00000000,87720.00000000,87883.25000000
1766923200000,87883.25000000,88088.75000000,87794.86000000,87836.27000000
1766937600000,87836.27000000,87931.59000000,87500.26000000,87520.75000000
1766952000000,87520.75000000,88049.53000000,87435.00000000,87952.71000000
1766966400000,87952.71000000,90169.06000000,87813.17000000,90123.55000000
1766980800000,90123.55000000,90406.08000000,89507.03000000,89617.71000000
1766995200000,89617.71000000,89825.01000000,87567.65000000,87567.66000000
1767009600000,87567.65000000,88190.71000000,86806.50000000,87691.62000000
1767024000000,87691.62000000,87996.22000000,87312.34000000,87366.23000000
1767038400000,87366.23000000,87597.59000000,87071.49000000,87237.13000000
1767052800000,87237.13000000,87423.65000000,86845.66000000,87379.00000000
1767067200000,87378.99000000,87600.00000000,87157.07000000,87502.85000000
1767081600000,87502.85000000,88224.76000000,87502.84000000,87903.89000000
1767096000000,87903.89000000,89159.52000000,87834.01000000,89016.35000000
1767110400000,89016.36000000,89400.00000000,87960.20000000,88226.16000000
1767124800000,88226.15000000,88573.65000000,87886.46000000,88485.49000000
1767139200000,88485.50000000,88819.80000000,88172.15000000,88453.04000000
1767153600000,88453.04000000,88638.76000000,88325.06000000,88613.12000000
1767168000000,88613.11000000,89046.60000000,88393.52000000,89011.52000000
1767182400000,89011.51000000,89200.00000000,87766.59000000,87953.97000000
1767196800000,87953.97000000,88053.49000000,87400.41000000,87541.85000000
1767211200000,87541.85000000,87879.04000000,87250.00000000,87648.22000000
1767225600000,87648.21000000,88088.10000000,87632.74000000,87846.02000000
1767240000000,87846.01000000,87854.81000000,87550.43000000,87631.88000000
1767254400000,87631.88000000,88024.64000000,87631.87000000,88024.64000000
1767268800000,88024.64000000,88113.45000000,87810.66000000,88032.18000000
1767283200000,88032.17000000,88500.00000000,87879.03000000,88391.15000000
1767297600000,88391.16000000,88919.45000000,88240.00000000,88839.04000000
1767312000000,88839.05000000,89120.01000000,88379.88000000,88950.65000000
1767326400000,88950.64000000,89079.44000000,88576.56000000,88857.61000000
1767340800000,88857.60000000,89942.44000000,88758.94000000,89502.95000000
1767355200000,89502.94000000,90135.00000000,88459.96000000,89418.11000000
1767369600000,89418.10000000,90961.81000000,89205.92000000,89897.23000000
1767384000000,89897.23000000,90400.00000000,89636.77000000,89995.13000000
1767398400000,89995.14000000,90418.32000000,89966.48000000,90321.22000000
1767412800000,90321.23000000,90480.62000000,89314.01000000,89577.13000000
1767427200000,89577.13000000,89982.11000000,89420.75000000,89752.74000000
1767441600000,89752.75000000,90249.99000000,89664.93000000,89969.31000000
1767456000000,89969.31000000,90219.67000000,89918.59000000,90123.77000000
1767470400000,90123.76000000,90741.16000000,90017.23000000,90628.01000000
1767484800000,90628.01000000,91610.17000000,90628.00000000,91236.78000000
1767499200000,91236.78000000,91810.00000000,91183.15000000,91532.00000000
1767513600000,91532.00000000,91620.50000000,91174.46000000,91300.00000000
1767528000000,91300.01000000,91419.22000000,91014.10000000,91334.94000000
1767542400000,91334.94000000,91455.90000000,90863.47000000,91138.07000000
1767556800000,91138.06000000,91590.00000000,91132.00000000,91529.73000000
1767571200000,91529.74000000,93388.00000000,91514.81000000,92878.22000000
1767585600000,92878.22000000,92947.87000000,92155.00000000,92520.63000000
1767600000000,92520.63000000,93151.00000000,92320.17000000,93134.26000000
1767614400000,93134.25000000,94000.00000000,92407.13000000,93957.73000000
1767628800000,93957.74000000,94500.00000000,93250.00000000,94303.40000000
1767643200000,94303.40000000,94789.08000000,93800.00000000,93859.71000000
1767657600000,93859.71000000,94161.86000000,93529.18000000,93769.24000000
1767672000000,93769.25000000,94000.00000000,93137.98000000,93255.08000000
1767686400000,93255.08000000,93895.00000000,93167.29000000,93840.00000000
1767700800000,93839.99000000,94444.44000000,93352.01000000,93648.99000000
1767715200000,93649.00000000,93775.60000000,91262.94000000,92104.50000000
1767729600000,92104.49000000,93845.03000000,92098.29000000,93747.97000000
1767744000000,93747.97000000,93747.97000000,92236.07000000,92815.83000000
1767758400000,92815.83000000,92930.35000000,92500.00000000,92879.13000000
1767772800000,92879.14000000,92961.53000000,91600.00000000,92087.21000000
1767787200000,92087.21000000,92299.40000000,91024.00000000,91349.96000000
1767801600000,91349.95000000,91790.00000000,90675.52000000,91186.07000000
1767816000000,91186.07000000,91489.60000000,90778.32000000,91364.16000000
1767830400000,91364.16000000,91687.99000000,90616.36000000,90813.40000000
1767844800000,90813.40000000,91188.00000000,89641.84000000,90548.02000000
1767859200000,90548.02000000,90917.22000000,89777.25000000,90226.77000000
1767873600000,90226.77000000,90847.52000000,89311.00000000,90781.57000000
1767888000000,90781.57000000,91469.00000000,90312.89000000,90937.41000000
1767902400000,90937.42000000,91493.00000000,90568.11000000,91099.99000000
1767916800000,91100.00000000,91632.10000000,90850.00000000,91220.23000000
1767931200000,91220.24000000,91236.72000000,90738.34000000,90741.84000000
1767945600000,90741.85000000,90843.77000000,89694.66000000,90463.11000000
1767960000000,90463.12000000,92082.55000000,89850.00000000,91176.47000000
1767974400000,91176.48000000,91783.32000000,90190.00000000,90332.15000000
1767988800000,90332.14000000,90732.01000000,90113.87000000,90641.28000000
1768003200000,90641.27000000,90782.23000000,90527.99000000,90626.14000000
1768017600000,90626.15000000,90682.70000000,90408.23000000,90678.50000000
1768032000000,90678.50000000,90832.00000000,90618.28000000,90723.86000000
1768046400000,90723.87000000,90788.78000000,90538.46000000,90665.75000000
1768060800000,90665.76000000,90746.00000000,90504.55000000,90626.54000000
1768075200000,90626.54000000,90659.03000000,90404.00000000,90504.70000000
1768089600000,90504.70000000,90737.95000000,90451.10000000,90733.50000000
1768104000000,90733.49000000,90850.00000000,90585.34000000,90710.79000000
1768118400000,90710.80000000,90816.00000000,90610.27000000,90754.99000000
1768132800000,90754.99000000,91191.50000000,90708.25000000,90875.79000000
1768147200000,90875.79000000,91283.89000000,90673.30000000,90690.80000000
1768161600000,90690.81000000,91041.79000000,90236.00000000,91013.65000000
1768176000000,91013.66000000,92519.95000000,90700.29000000,91808.12000000
1768190400000,91808.12000000,92290.81000000,91381.36000000,91408.09000000
1768204800000,91408.09000000,91630.13000000,90370.00000000,90620.96000000
1768219200000,90620.95000000,91665.00000000,90128.44000000,91665.00000000
1768233600000,91664.99000000,92332.00000000,91000.53000000,91861.27000000
1768248000000,91861.27000000,92046.23000000,90938.20000000,91296.20000000
1768262400000,91296.20000000,91546.08000000,91042.66000000,91408.91000000
1768276800000,91408.90000000,92275.38000000,91350.71000000,91942.00000000
1768291200000,91941.99000000,92672.11000000,91924.27000000,92000.74000000
1768305600000,92000.73000000,93450.00000000,91787.61000000,93449.99000000
1768320000000,93449.99000000,94231.82000000,93078.31000000,94226.84000000
1768334400000,94226.85000000,96495.00000000,94062.00000000,95414.00000000
1768348800000,95413.99000000,95722.01000000,95116.03000000,95720.99000000
1768363200000,95720.99000000,95799.22000000,94559.28000000,95205.10000000
1768377600000,95205.11000000,95315.15000000,94737.95000000,94792.99000000
1768392000000,94793.00000000,97084.68000000,94680.67000000,96764.57000000
1768406400000,96764.57000000,97777.00000000,96246.56000000,97267.42000000
1768420800000,97267.42000000,97924.49000000,96772.02000000,96951.78000000
1768435200000,96951.78000000,97000.00000000,95777.00000000,95985.10000000
1768449600000,95985.11000000,96760.15000000,95952.89000000,96630.48000000
1768464000000,96630.47000000,97193.34000000,96289.98000000,96581.08000000
1768478400000,96581.07000000,97165.03000000,95435.91000000,96737.04000000
1768492800000,96737.04000000,97163.00000000,95183.13000000,95516.01000000
1768507200000,95516.01000000,95871.00000000,95134.48000000,95604.80000000
1768521600000,95604.81000000,95855.12000000,95321.58000000,95354.69000000
1768536000000,95354.69000000,95816.83000000,95133.03000000,95653.16000000
1768550400000,95653.16000000,95871.47000000,95261.43000000,95429.09000000
1768564800000,95429.09000000,95809.08000000,94293.46000000,94585.98000000
1768579200000,94585.99000000,95215.74000000,94508.00000000,95002.09000000
1768593600000,95002.09000000,95600.00000000,94682.00000000,95550.94000000
1768608000000,95550.94000000,95578.20000000,95200.00000000,95372.95000000
1768622400000,95372.94000000,95373.64000000,95041.70000000,95101.67000000
1768636800000,95101.67000000,95323.86000000,95021.67000000,95323.86000000
1768651200000,95323.85000000,95639.45000000,95198.81000000,95573.64000000
1768665600000,95573.65000000,95576.14000000,95212.25000000,95291.38000000
1768680000000,95291.37000000,95412.86000000,95050.00000000,95147.77000000
1768694400000,95147.77000000,95250.00000000,94876.33000000,95200.29000000
1768708800000,95200.29000000,95260.00000000,95028.27000000,95028.27000000
1768723200000,95028.27000000,95295.39000000,95021.44000000,95168.06000000
1768737600000,95168.06000000,95376.24000000,94910.00000000,95119.28000000
1768752000000,95119.27000000,95521.71000000,95073.02000000,95380.99000000
1768766400000,95380.99000000,95531.12000000,93615.40000000,93673.14000000
1768780800000,93673.14000000,93673.14000000,91910.20000000,92690.09000000
1768795200000,92690.08000000,92861.41000000,92385.07000000,92841.62000000
1768809600000,92841.62000000,93368.44000000,92702.56000000,93191.96000000
1768824000000,93191.96000000,93226.44000000,92700.00000000,93068.62000000
1768838400000,93068.62000000,93420.00000000,92930.00000000,93105.85000000
1768852800000,93105.85000000,93342.36000000,92158.48000000,92631.00000000
1768867200000,92630.99000000,92870.00000000,92264.70000000,92434.92000000
1768881600000,92434.93000000,92470.37000000,90771.78000000,91177.98000000
1768896000000,91177.99000000,91442.88000000,90693.00000000,91218.99000000
1768910400000,91218.99000000,91371.11000000,89859.06000000,90684.95000000
1768924800000,90684.95000000,90974.49000000,89292.48000000,89725.76000000
1768939200000,89725.77000000,89854.20000000,87895.98000000,88427.66000000
1768953600000,88427.66000000,89598.80000000,88250.00000000,89432.33000000
1768968000000,89432.33000000,90120.44000000,89093.28000000,89213.95000000
1768982400000,89213.96000000,89493.46000000,88700.00000000,88789.99000000
1768996800000,88789.99000000,90574.00000000,88196.72000000,90288.04000000
1769011200000,90288.04000000,90450.00000000,87263.53000000,90355.56000000
1769025600000,90355.56000000,90377.00000000,89344.98000000,89454.73000000
1769040000000,89454.73000000,90359.99000000,89454.72000000,89899.51000000
1769054400000,89899.51000000,90215.79000000,89802.00000000,89818.79000000
1769068800000,89818.79000000,90150.00000000,89760.00000000,89941.26000000
1769083200000,89941.26000000,90340.00000000,88515.37000000,89000.01000000
1769097600000,89000.00000000,89924.46000000,88676.95000000,89777.90000000
1769112000000,89777.89000000,89946.13000000,89140.13000000,89559.67000000
1769126400000,89559.68000000,89979.97000000,89450.48000000,89924.78000000
1769140800000,89924.78000000,90088.94000000,89400.00000000,89549.45000000
1769155200000,89549.45000000,89632.18000000,88860.44000000,89202.48000000
1769169600000,89202.47000000,89865.53000000,88578.36000000,89761.61000000
1769184000000,89761.61000000,91224.99000000,89489.00000000,89982.79000000
1769198400000,89982.79000000,90156.06000000,89200.68000000,89600.26000000
1769212800000,89600.26000000,89957.39000000,89424.39000000,89770.02000000
1769227200000,89770.03000000,89853.38000000,89572.81000000,89620.10000000
1769241600000,89620.11000000,89686.43000000,89577.97000000,89595.40000000
1769256000000,89595.41000000,89595.41000000,89171.75000000,89275.77000000
1769270400000,89275.77000000,89461.40000000,89162.08000000,89331.36000000
1769284800000,89331.36000000,89489.84000000,89215.59000000,89225.34000000
1769299200000,89225.34000000,89319.13000000,88838.72000000,88960.35000000
1769313600000,88960.36000000,89090.13000000,88635.84000000,88659.99000000
1769328000000,88659.99000000,88760.00000000,88136.00000000,88570.17000000
1769342400000,88570.17000000,88971.89000000,88340.75000000,88446.50000000
1769356800000,88446.51000000,88448.85000000,86194.85000000,86495.16000000
1769371200000,86495.17000000,87013.79000000,86074.72000000,86670.36000000
1769385600000,86670.36000000,87973.11000000,86509.63000000,87282.05000000
1769400000000,87282.04000000,88074.48000000,87244.27000000,88000.64000000
1769414400000,88000.64000000,88424.45000000,87600.69000000,87855.00000000
1769428800000,87855.01000000,88860.00000000,87325.03000000,87641.41000000
1769443200000,87641.41000000,88537.95000000,87035.51000000,88013.19000000
1769457600000,88013.19000000,88659.09000000,87542.05000000,88347.08000000
1769472000000,88347.08000000,88898.00000000,88194.82000000,88788.00000000
1769486400000,88787.99000000,89010.00000000,88278.03000000,88320.41000000
1769500800000,88320.41000000,88397.85000000,87743.52000000,87992.74000000
1769515200000,87992.74000000,88474.23000000,87578.67000000,88047.46000000
1769529600000,88047.46000000,88819.89000000,87304.33000000,88408.77000000
1769544000000,88408.78000000,89523.16000000,88373.49000000,89250.00000000
1769558400000,89249.99000000,89497.96000000,88985.00000000,89126.67000000
1769572800000,89126.68000000,89400.00000000,88840.00000000,89134.35000000
1769587200000,89134.35000000,90156.72000000,88833.65000000,90080.00000000
1769601600000,90079.99000000,90488.00000000,88904.61000000,89479.66000000
1769616000000,89479.66000000,90600.00000000,89006.36000000,89402.58000000
1769630400000,89402.57000000,89896.00000000,88878.01000000,89299.99000000
1769644800000,89300.00000000,89348.00000000,87704.00000000,88053.71000000
1769659200000,88053.71000000,88430.05000000,87901.23000000,88352.97000000
1769673600000,88352.96000000,88500.00000000,87750.01000000,87846.50000000
1769688000000,87846.50000000,88182.29000000,84366.56000000,84934.02000000
1769702400000,84934.02000000,85638.30000000,83383.33000000,84012.11000000
1769716800000,84012.11000000,84737.69000000,83824.90000000,84650.16000000
1769731200000,84650.16000000,84735.75000000,81118.00000000,82676.43000000
1769745600000,82676.42000000,83332.20000000,82056.08000000,82816.98000000
1769760000000,82816.98000000,83314.85000000,82160.00000000,83151.36000000
1769774400000,83151.36000000,83797.99000000,82382.01000000,82883.94000000
1769788800000,82882.84000000,84621.16000000,81871.37000000,84242.99000000
1769803200000,84243.00000000,84523.11000000,83539.20000000,84260.49000000
1769817600000,84260.50000000,84270.02000000,83815.02000000,84022.69000000
1769832000000,84022.70000000,84146.22000000,83404.67000000,83546.81000000
1769846400000,83546.82000000,83629.08000000,82560.75000000,83020.00000000
1769860800000,83020.00000000,83140.00000000,80825.76000000,81302.15000000
1769875200000,81302.16000000,82200.00000000,75719.90000000,77750.01000000
1769889600000,77750.01000000,79240.00000000,77092.34000000,78741.09000000
1769904000000,78741.10000000,79424.00000000,78284.00000000,78868.28000000
1769918400000,78868.29000000,79119.30000000,77967.69000000,78343.00000000
1769932800000,78343.00000000,79220.72000000,78148.10000000,78743.56000000
1769947200000,78743.57000000,78768.68000000,76761.98000000,77593.40000000
1769961600000,77593.40000000,78443.10000000,77000.01000000,77174.78000000
1769976000000,77174.77000000,77779.63000000,75700.00000000,76968.21000000
1769990400000,76968.22000000,78231.26000000,74604.00000000,76292.98000000
1770004800000,76292.98000000,76958.00000000,74911.14000000,76660.79000000
1770019200000,76660.78000000,77970.62000000,76628.28000000,77759.99000000
1770033600000,77760.00000000,79360.00000000,77564.62000000,78850.06000000
1770048000000,78850.06000000,79288.28000000,78283.27000000,78341.50000000
1770062400000,78341.50000000,78962.78000000,77888.00000000,78738.61000000
1770076800000,78738.60000000,79186.81000000,77644.09000000,78753.32000000
1770091200000,78753.32000000,78999.99000000,77950.00000000,78794.67000000
1770105600000,78794.67000000,79084.29000000,77950.00000000,78079.50000000
1770120000000,78079.50000000,78458.89000000,77055.54000000,78132.33000000
1770134400000,78132.34000000,78134.53000000,72945.50000000,74935.00000000
1770148800000,74935.00000000,76960.00000000,74586.54000000,75770.21000000
1770163200000,75770.21000000,76971.52000000,75467.22000000,76698.17000000
1770177600000,76698.17000000,76830.69000000,76105.30000000,76514.30000000
1770192000000,76514.30000000,76607.69000000,75666.00000000,76017.25000000
1770206400000,76017.25000000,76260.85000000,73794.11000000,74136.36000000
1770220800000,74136.48000000,74249.83000000,72169.00000000,73923.29000000
1770235200000,73923.30000000,74144.00000000,71888.00000000,73165.83000000
1770249600000,73165.84000000,73341.18000000,71152.78000000,71223.25000000
1770264000000,71223.25000000,71622.82000000,70140.00000000,70756.85000000
1770278400000,70756.86000000,71978.58000000,69922.00000000,70318.35000000
1770292800000,70318.35000000,70872.04000000,66720.15000000,67489.07000000
1770307200000,67489.08000000,68681.81000000,65200.00000000,65265.65000000
1770321600000,65265.66000000,65700.00000000,62345.00000000,62909.86000000
1770336000000,62909.87000000,66010.00000000,60000.00000000,64168.33000000
1770350400000,64168.33000000,66826.50000000,63914.62000000,64856.00000000
1770364800000,64856.00000000,66755.13000000,64500.00000000,66631.32000000
1770379200000,66631.32000000,69192.00000000,66114.49000000,68626.00000000
1770393600000,68625.99000000,71500.00000000,68428.19000000,70731.46000000
1770408000000,70731.45000000,71751.33000000,69837.35000000,70580.26000000
1770422400000,70580.26000000,70928.75000000,69718.00000000,70918.99000000
1770436800000,70918.99000000,71690.07000000,67300.00000000,68087.14000000
1770451200000,68087.13000000,68790.00000000,67582.48000000,67972.65000000
1770465600000,67972.65000000,69999.99000000,67901.89000000,69151.50000000
1770480000000,69151.50000000,69898.00000000,68531.50000000,69373.61000000
1770494400000,69373.61000000,69728.83000000,68787.34000000,69289.38000000
1770508800000,69289.37000000,69696.57000000,68888.00000000,69099.99000000
1770523200000,69100.00000000,69719.07000000,68952.01000000,69710.69000000
1770537600000,69710.69000000,71220.00000000,69514.15000000,70999.98000000
1770552000000,70999.99000000,71554.95000000,70707.39000000,71188.99000000
1770566400000,71188.99000000,71538.05000000,70251.33000000,71422.97000000
1770580800000,71422.96000000,72271.41000000,70000.00000000,70330.38000000
1770595200000,70330.38000000,71453.53000000,70068.18000000,71307.56000000
1770609600000,71307.56000000,71359.37000000,70311.70000000,70422.59000000
1770624000000,70422.59000000,70608.83000000,68420.58000000,68928.72000000
1770638400000,68928.71000000,69884.82000000,68308.00000000,69563.37000000
1770652800000,69563.37000000,71075.31000000,69100.00000000,70957.01000000
1770667200000,70957.01000000,71126.00000000,69823.52000000,70138.00000000
1770681600000,70138.00000000,70527.59000000,69208.61000000,69511.83000000
1770696000000,69511.83000000,69906.50000000,68682.00000000,68919.66000000
1770710400000,68919.66000000,69417.70000000,68459.89000000,68535.01000000
1770724800000,68535.02000000,69591.20000000,67800.00000000,69293.37000000
1770739200000,69293.37000000,69993.65000000,68604.63000000,69062.01000000
1770753600000,69062.00000000,69136.91000000,68362.00000000,68841.29000000
1770768000000,68841.28000000,69292.88000000,68011.11000000,68187.99000000
1770782400000,68188.00000000,68325.00000000,66557.99000000,67032.72000000
1770796800000,67032.71000000,67134.42000000,66369.49000000,67053.03000000
1770811200000,67053.03000000,68834.34000000,65756.00000000,66519.73000000
1770825600000,66519.72000000,67860.44000000,65876.00000000,67586.67000000
1770840000000,67586.66000000,68369.77000000,66787.70000000,67082.52000000
1770854400000,67082.52000000,68047.48000000,67055.53000000,67580.99000000
1770868800000,67581.00000000,67682.69000000,66670.45000000,67217.72000000
1770883200000,67217.71000000,68299.00000000,66891.60000000,68076.01000000
1770897600000,68076.01000000,68410.52000000,67014.98000000,67134.74000000
1770912000000,67134.74000000,67232.04000000,65118.00000000,65788.36000000
1770926400000,65788.36000000,66488.90000000,65215.06000000,66272.17000000
1770940800000,66272.17000000,66814.00000000,65872.46000000,66553.08000000
1770955200000,66553.09000000,66671.62000000,66002.98000000,66208.96000000
1770969600000,66208.96000000,67226.66000000,66191.52000000,67171.42000000
1770984000000,67171.41000000,69309.80000000,66867.47000000,68692.12000000
1770998400000,68692.12000000,69482.97000000,68540.83000000,68938.91000000
1771012800000,68938.91000000,69079.40000000,68683.32000000,68853.96000000
1771027200000,68853.97000000,69137.50000000,68768.56000000,68981.99000000
1771041600000,68982.00000000,69343.00000000,68730.13000000,69219.26000000
1771056000000,69219.27000000,70560.01000000,69218.71000000,70505.74000000
1771070400000,70505.74000000,70533.67000000,69064.60000000,69778.28000000
1771084800000,69778.28000000,69930.90000000,69283.02000000,69873.99000000
1771099200000,69873.99000000,70250.46000000,69668.05000000,69822.95000000
1771113600000,69822.94000000,69990.02000000,69251.50000000,69954.50000000
1771128000000,69954.50000000,70926.42000000,69459.35000000,70828.42000000
1771142400000,70828.43000000,70983.00000000,70182.31000000,70295.22000000
1771156800000,70295.22000000,70418.48000000,68772.20000000,69099.99000000
1771171200000,69100.00000000,69100.00000000,68000.00000000,68286.63000000
1771185600000,68286.64000000,69078.49000000,68120.00000000,68832.58000000
1771200000000,68832.59000000,69065.50000000,68143.22000000,68424.82000000
1771214400000,68424.82000000,68900.00000000,68228.76000000,68587.90000000
1771228800000,68587.89000000,69060.77000000,68338.90000000,68812.83000000
1771243200000,68812.84000000,70126.67000000,67294.11000000,67539.52000000
1771257600000,67539.53000000,68245.34000000,67513.94000000,67913.43000000
1771272000000,67913.44000000,68978.88000000,67827.11000000,68892.43000000
1771286400000,68892.43000000,69241.50000000,68387.20000000,68474.90000000
1771300800000,68474.90000000,68707.49000000,67892.00000000,68388.12000000
1771315200000,68388.12000000,68479.17000000,67690.00000000,67854.60000000
1771329600000,67854.60000000,68360.50000000,66621.06000000,67392.05000000
1771344000000,67392.06000000,68235.39000000,66881.08000000,67793.32000000
1771358400000,67793.32000000,67928.08000000,67394.00000000,67503.52000000
1771372800000,67503.52000000,67705.65000000,66892.03000000,67629.11000000
1771387200000,67629.10000000,68219.81000000,67500.10000000,68106.44000000
1771401600000,68106.44000000,68476.22000000,67076.90000000,67369.75000000
1771416000000,67369.75000000,68347.72000000,66717.30000000,67694.01000000
1771430400000,67694.01000000,67706.94000000,65870.00000000,66177.14000000
1771444800000,66177.15000000,66550.00000000,66053.60000000,66461.00000000
1771459200000,66461.00000000,66997.07000000,66345.00000000,66980.91000000
1771473600000,66980.91000000,67320.00000000,66679.76000000,67206.45000000
1771488000000,67206.45000000,67206.45000000,66478.02000000,66496.02000000
1771502400000,66496.03000000,66755.39000000,65631.83000000,66398.00000000
1771516800000,66398.01000000,67198.10000000,65899.25000000,67050.00000000
1771531200000,67050.00000000,67168.86000000,66652.34000000,67003.73000000
1771545600000,67003.73000000,67488.67000000,66949.41000000,67366.25000000
1771560000000,67366.25000000,68006.00000000,67115.38000000,67825.91000000
1771574400000,67825.91000000,68318.39000000,67280.60000000,67318.41000000
1771588800000,67318.41000000,68083.98000000,66280.20000000,67582.95000000
1771603200000,67582.95000000,68000.00000000,66952.11000000,67646.03000000
1771617600000,67646.03000000,68233.99000000,67520.30000000,68020.01000000
1771632000000,68020.00000000,68099.54000000,67534.69000000,67667.77000000
1771646400000,67667.77000000,67924.39000000,67593.99000000,67856.01000000
1771660800000,67856.01000000,68314.54000000,67807.30000000,68092.45000000
1771675200000,68092.45000000,68698.70000000,67915.00000000,68615.00000000
1771689600000,68615.01000000,68658.50000000,68101.78000000,68543.51000000
1771704000000,68543.51000000,68605.63000000,67900.00000000,67975.93000000
1771718400000,67975.93000000,68222.16000000,67809.78000000,68041.43000000
1771732800000,68041.42000000,68178.79000000,67881.81000000,68005.30000000
1771747200000,68005.30000000,68245.00000000,67912.02000000,68219.97000000
1771761600000,68219.97000000,68232.40000000,67303.50000000,67684.14000000
1771776000000,67684.15000000,67718.13000000,67190.00000000,67428.32000000
1771790400000,67428.32000000,67751.44000000,67350.00000000,67643.40000000
1771804800000,67643.39000000,67684.86000000,64290.71000000,64934.17000000
1771819200000,64934.18000000,66015.22000000,64685.64000000,65958.94000000
1771833600000,65958.94000000,66600.00000000,65565.78000000,66207.23000000
1771848000000,66207.23000000,66511.51000000,65529.73000000,65660.10000000
1771862400000,65660.10000000,65724.28000000,64048.71000000,64295.10000000
1771876800000,64295.11000000,65035.98000000,63888.79000000,64656.02000000
1771891200000,64656.01000000,65026.75000000,63342.90000000,63595.51000000
1771905600000,63595.51000000,63628.52000000,62700.80000000,63192.96000000
1771920000000,63192.79000000,63444.66000000,62908.92000000,63227.10000000
1771934400000,63227.11000000,64031.76000000,62510.28000000,63973.97000000
1771948800000,63973.98000000,64743.11000000,63689.54000000,64435.03000000
1771963200000,64435.03000000,64591.99000000,63820.50000000,64058.15000000
1771977600000,64058.15000000,66310.00000000,63913.27000000,65391.73000000
1771992000000,65391.74000000,65650.00000000,64755.26000000,65028.30000000
1772006400000,65028.30000000,65692.62000000,64955.79000000,65430.04000000
1772020800000,65430.04000000,67578.00000000,65324.62000000,67412.33000000
1772035200000,67412.32000000,69550.00000000,67404.00000000,69038.26000000
1772049600000,69038.26000000,69988.83000000,67600.00000000,67988.04000000
1772064000000,67988.04000000,68700.00000000,67727.52000000,68216.86000000
1772078400000,68216.87000000,68860.00000000,67817.87000000,67825.04000000
1772092800000,67825.05000000,68722.64000000,67792.00000000,68051.31000000
1772107200000,68051.30000000,68303.83000000,66761.16000000,67382.00000000
1772121600000,67382.00000000,67903.12000000,66500.00000000,67589.22000000
1772136000000,67589.21000000,67831.11000000,67150.14000000,67485.18000000
1772150400000,67485.19000000,67712.16000000,66885.00000000,67600.84000000
1772164800000,67600.84000000,68216.80000000,67459.30000000,67690.60000000
1772179200000,67690.60000000,68149.93000000,65960.01000000,66126.99000000
1772193600000,66126.99000000,66344.90000000,65649.34000000,66095.40000000
1772208000000,66095.40000000,66121.03000000,65113.72000000,65392.18000000
1772222400000,65392.18000000,65953.20000000,64914.46000000,65872.10000000
1772236800000,65872.09000000,66025.52000000,65721.13000000,65797.42000000
1772251200000,65797.42000000,65818.44000000,63030.00000000,63826.00000000
1772265600000,63825.99000000,64307.44000000,63372.10000000,63844.20000000
1772280000000,63844.20000000,65360.51000000,63827.20000000,64841.18000000
1772294400000,64841.17000000,66666.65000000,64681.81000000,66362.01000000
1772308800000,66362.01000000,67760.00000000,66190.61000000,66973.26000000
1772323200000,66973.26000000,68199.99000000,66042.72000000,67502.16000000
1772337600000,67502.16000000,67612.14000000,66749.35000000,67141.39000000
1772352000000,67141.40000000,67292.30000000,66215.71000000,66468.03000000
1772366400000,66468.04000000,67360.57000000,66132.27000000,66842.42000000
1772380800000,66842.42000000,67112.37000000,65699.98000000,65962.17000000
1772395200000,65962.16000000,66491.43000000,65056.00000000,65776.47000000
1772409600000,65776.48000000,67079.00000000,65761.04000000,66820.03000000
1772424000000,66820.03000000,66995.64000000,65542.60000000,66007.52000000
1772438400000,66007.80000000,66720.84000000,65654.54000000,66359.68000000
1772452800000,66359.67000000,69617.74000000,65259.21000000,69130.20000000
1772467200000,69130.20000000,70096.00000000,68576.18000000,68966.53000000
1772481600000,68966.52000000,69539.77000000,68584.90000000,68830.06000000
1772496000000,68830.06000000,69258.08000000,68210.71000000,68377.94000000
1772510400000,68377.94000000,68617.42000000,67800.00000000,68172.80000000
1772524800000,68172.79000000,68311.83000000,66340.14000000,67026.61000000
1772539200000,67026.60000000,67973.20000000,66158.00000000,67725.81000000
1772553600000,67725.82000000,68999.00000000,67473.09000000,68435.00000000
1772568000000,68435.00000000,68860.00000000,67832.30000000,68338.00000000
1772582400000,68338.01000000,68909.34000000,67400.00000000,67732.20000000
1772596800000,67732.19000000,69668.00000000,67467.60000000,69493.13000000
1772611200000,69493.14000000,71893.00000000,69098.91000000,71111.40000000
1772625600000,71111.40000000,73479.75000000,70588.00000000,73396.88000000
1772640000000,73396.87000000,74050.00000000,72541.69000000,73611.10000000
1772654400000,73611.67000000,73716.00000000,72313.04000000,72666.77000000
1772668800000,72666.77000000,73306.82000000,72336.76000000,72497.89000000
1772683200000,72497.89000000,73081.08000000,71759.95000000,72055.50000000
1772697600000,72055.50000000,73558.15000000,71757.17000000,72915.79000000
1772712000000,72915.80000000,73063.38000000,71168.65000000,71652.77000000
1772726400000,71652.77000000,71654.65000000,70645.47000000,70918.07000000
1772740800000,70918.08000000,71572.30000000,70777.00000000,70890.72000000
1772755200000,70891.02000000,71419.98000000,70344.03000000,71080.38000000
1772769600000,71080.37000000,71192.76000000,70143.19000000,71056.44000000
1772784000000,71056.44000000,71067.58000000,70184.01000000,70212.95000000
1772798400000,70212.94000000,70341.76000000,68176.47000000,68504.71000000
1772812800000,68504.71000000,68795.44000000,67744.78000000,68131.79000000
1772827200000,68131.79000000,68440.92000000,67777.00000000,68114.02000000
1772841600000,68114.02000000,68551.04000000,68060.60000000,68095.50000000
1772856000000,68095.50000000,68147.73000000,67446.41000000,67842.67000000
1772870400000,67842.67000000,68232.27000000,67720.98000000,68010.01000000
1772884800000,68010.00000000,68085.41000000,67609.44000000,67877.45000000
1772899200000,67877.45000000,67935.01000000,66915.26000000,67080.34000000
1772913600000,67080.33000000,67483.05000000,67068.01000000,67262.91000000
1772928000000,67262.91000000,67481.96000000,66833.58000000,67000.26000000
1772942400000,67000.26000000,67465.11000000,66547.15000000,67319.91000000
1772956800000,67319.90000000,68200.00000000,67156.93000000,67515.00000000
1772971200000,67515.00000000,67650.94000000,66761.68000000,67218.23000000
1772985600000,67218.23000000,67485.24000000,66745.54000000,67337.42000000
1773000000000,67337.41000000,67609.08000000,65618.49000000,65971.20000000
1773014400000,65971.20000000,67668.64000000,65821.97000000,67205.05000000
1773028800000,67205.06000000,68069.29000000,66853.48000000,67555.13000000
1773043200000,67555.13000000,68460.09000000,67344.45000000,67764.98000000
1773057600000,67764.99000000,69480.00000000,67759.57000000,68863.66000000
1773072000000,68863.67000000,69516.65000000,68179.12000000,68991.93000000
1773086400000,68991.93000000,69145.28000000,68384.69000000,68432.16000000
1773100800000,68432.16000000,70578.29000000,68391.41000000,69429.85000000
1773115200000,69429.85000000,70546.74000000,69429.85000000,70406.01000000
1773129600000,70406.01000000,71300.00000000,70369.00000000,70580.94000000
1773144000000,70580.95000000,71777.00000000,69266.06000000,71346.16000000
1773158400000,71346.17000000,71700.00000000,69739.00000000,70043.63000000
1773172800000,70043.63000000,70417.30000000,69452.42000000,69948.63000000
1773187200000,69948.64000000,70173.25000000,69488.70000000,69551.91000000
1773201600000,69551.91000000,70281.87000000,69420.00000000,69648.29000000
1773216000000,69648.28000000,69786.32000000,69150.28000000,69173.00000000
1773230400000,69172.99000000,71091.18000000,68977.91000000,70227.91000000
1773244800000,70227.92000000,71321.00000000,70161.78000000,70641.82000000
1773259200000,70641.81000000,70950.00000000,70125.83000000,70191.86000000
1773273600000,70191.86000000,70353.87000000,69226.52000000,69446.61000000
1773288000000,69446.61000000,69865.98000000,69205.91000000,69826.19000000
1773302400000,69826.19000000,70800.00000000,69580.00000000,70427.91000000
1773316800000,70427.90000000,70660.69000000,69355.34000000,70334.88000000
1773331200000,70334.89000000,70569.15000000,69770.85000000,70432.32000000
1773345600000,70432.33000000,70734.25000000,70013.17000000,70541.34000000
1773360000000,70541.34000000,72000.00000000,70386.01000000,71405.75000000
1773374400000,71405.76000000,71672.76000000,71180.19000000,71612.22000000
1773388800000,71612.23000000,72575.98000000,71385.28000000,72228.82000000
1773403200000,72228.81000000,73913.74000000,71736.34000000,71831.46000000
1773417600000,71831.46000000,72249.99000000,70841.23000000,71189.95000000
1773432000000,71189.96000000,71491.03000000,70559.02000000,70930.00000000
1773446400000,70930.01000000,71185.23000000,70481.70000000,71081.30000000
1773460800000,71081.31000000,71307.92000000,70317.00000000,70596.68000000
1773475200000,70596.68000000,70784.38000000,70389.08000000,70751.42000000
1773489600000,70751.42000000,70941.17000000,70501.00000000,70580.09000000
1773504000000,70580.09000000,70740.34000000,70500.00000000,70700.00000000
1773518400000,70699.99000000,71253.17000000,70650.09000000,71211.95000000
1773532800000,71211.95000000,71634.08000000,70858.82000000,71363.14000000
1773547200000,71363.13000000,71800.68000000,71330.66000000,71453.59000000
1773561600000,71453.59000000,71940.49000000,71453.59000000,71839.42000000
1773576000000,71839.41000000,71839.42000000,71263.99000000,71481.24000000
1773590400000,71481.24000000,71989.93000000,71320.08000000,71549.94000000
1773604800000,71549.94000000,73199.00000000,71433.75000000,72815.24000000
1773619200000,72815.25000000,74330.34000000,72270.41000000,73573.32000000
1773633600000,73573.31000000,74451.03000000,73385.18000000,73456.68000000
1773648000000,73456.69000000,73838.76000000,72888.80000000,73552.77000000
1773662400000,73552.78000000,74509.52000000,72990.52000000,73274.76000000
1773676800000,73274.75000000,74418.60000000,73160.66000000,73963.00000000
1773691200000,73963.00000000,74909.08000000,73863.20000000,74884.67000000
1773705600000,74884.67000000,76000.00000000,74268.73000000,74463.98000000
1773720000000,74463.98000000,74712.89000000,73784.00000000,74249.32000000
1773734400000,74249.32000000,74452.97000000,73560.98000000,74033.11000000
1773748800000,74033.10000000,74893.94000000,73399.19000000,73914.39000000
1773763200000,73914.40000000,74800.00000000,73855.24000000,74512.17000000
1773777600000,74511.21000000,74799.00000000,73871.74000000,73909.36000000
1773792000000,73909.37000000,74672.34000000,73535.36000000,74446.14000000
1773806400000,74446.14000000,74486.30000000,73700.01000000,73883.80000000
1773820800000,73883.80000000,74281.33000000,72800.00000000,72952.85000000
1773835200000,72952.85000000,72981.79000000,70857.21000000,71467.82000000
1773849600000,71467.82000000,72000.50000000,70933.85000000,71072.38000000
1773864000000,71072.38000000,71451.22000000,70500.00000000,71246.54000000
1773878400000,71246.55000000,71613.79000000,70902.37000000,71215.39000000
1773892800000,71215.39000000,71215.39000000,69478.51000000,70191.17000000
1773907200000,70191.16000000,70560.91000000,69900.00000000,69952.75000000
1773921600000,69952.75000000,70179.53000000,68793.35000000,69412.51000000
1773936000000,69412.52000000,70596.42000000,69122.03000000,70271.99000000
1773950400000,70272.00000000,70695.60000000,69718.23000000,69930.00000000
1773964800000,69930.01000000,70809.43000000,69837.10000000,70729.92000000
1773979200000,70729.93000000,70969.71000000,70160.06000000,70854.66000000
1773993600000,70854.66000000,71367.00000000,70218.68000000,70478.71000000
1774008000000,70478.71000000,70685.63000000,69480.00000000,69860.09000000
1774022400000,69860.09000000,70190.18000000,69388.00000000,70177.86000000
1774036800000,70177.85000000,70923.75000000,69754.71000000,70510.73000000
1774051200000,70510.73000000,70826.00000000,70431.67000000,70657.35000000
1774065600000,70657.35000000,70879.76000000,70617.05000000,70727.33000000
1774080000000,70727.33000000,70753.79000000,70492.02000000,70652.72000000
1774094400000,70652.73000000,71100.94000000,70453.09000000,70630.02000000
1774108800000,70630.02000000,70652.64000000,70210.00000000,70396.00000000
1774123200000,70396.01000000,70516.82000000,68571.42000000,68918.12000000
1774137600000,68918.12000000,69588.79000000,68228.50000000,69339.99000000
1774152000000,69340.00000000,69526.85000000,68892.93000000,68919.38000000
1774166400000,68919.37000000,68990.67000000,68110.55000000,68217.95000000
1774180800000,68217.94000000,69005.71000000,68199.04000000,68847.96000000
1774195200000,68847.97000000,68885.53000000,68145.01000000,68199.93000000
1774209600000,68199.93000000,68498.40000000,67360.66000000,67859.00000000
1774224000000,67859.00000000,68585.12000000,67445.18000000,68074.60000000
1774238400000,68074.60000000,68915.40000000,67502.48000000,68333.16000000
1774252800000,68333.16000000,71499.00000000,67916.14000000,70122.15000000
1774267200000,70122.15000000,71817.09000000,69671.95000000,70131.48000000
1774281600000,70131.48000000,71246.01000000,70131.47000000,70679.05000000
1774296000000,70679.04000000,70998.00000000,70404.39000000,70906.45000000
1774310400000,70906.45000000,71099.96000000,70278.46000000,70542.90000000
1774324800000,70542.90000000,71400.00000000,70119.06000000,71291.70000000
1774339200000,71291.70000000,71368.61000000,70850.11000000,71157.77000000
1774353600000,71157.77000000,71177.66000000,69507.34000000,69873.04000000
1774368000000,69873.04000000,70001.92000000,68923.07000000,69377.33000000
1774382400000,69377.33000000,70832.54000000,69296.15000000,70556.74000000
1774396800000,70556.74000000,71100.28000000,70408.00000000,70716.70000000
1774411200000,70716.70000000,71345.00000000,70703.83000000,70926.88000000
1774425600000,70926.88000000,72026.09000000,70800.00000000,71678.97000000
1774440000000,71678.97000000,71963.71000000,70530.47000000,70832.99000000
1774454400000,70832.99000000,71752.88000000,70681.07000000,70883.31000000
1774468800000,70883.32000000,71594.11000000,70646.34000000,71336.53000000
1774483200000,71336.53000000,71436.82000000,70672.37000000,70921.47000000
1774497600000,70921.47000000,70921.47000000,69805.00000000,70087.44000000
1774512000000,70087.44000000,70144.44000000,69192.96000000,69276.01000000
1774526400000,69276.01000000,69877.45000000,68632.40000000,69082.64000000
1774540800000,69082.64000000,69162.00000000,68153.00000000,68534.36000000
1774555200000,68534.37000000,69478.42000000,68436.74000000,68820.31000000
1774569600000,68820.31000000,69179.05000000,68531.37000000,68767.51000000
1774584000000,68767.50000000,68955.53000000,68304.14000000,68540.48000000
1774598400000,68540.49000000,68635.07000000,66231.96000000,66702.78000000
1774612800000,66702.78000000,66773.25000000,65730.17000000,66112.82000000
1774627200000,66112.82000000,66290.00000000,65548.25000000,66040.66000000
1774641600000,66040.65000000,66420.75000000,65817.44000000,66407.28000000
1774656000000,66407.28000000,66520.46000000,65932.09000000,66240.00000000
1774670400000,66240.00000000,66573.61000000,66110.00000000,66561.48000000
1774684800000,66561.49000000,66570.09000000,66124.40000000,66319.47000000
1774699200000,66319.46000000,67288.94000000,66240.87000000,67014.91000000
1774713600000,67014.92000000,67096.77000000,66704.00000000,66916.52000000
1774728000000,66916.52000000,67010.00000000,66283.38000000,66377.03000000
1774742400000,66377.04000000,67130.50000000,66281.40000000,66912.00000000
1774756800000,66912.00000000,66936.60000000,66556.78000000,66671.00000000
1774771200000,66671.00000000,66988.01000000,66418.00000000,66816.28000000
1774785600000,66816.29000000,66875.24000000,66334.37000000,66523.00000000
1774800000000,66523.01000000,66665.05000000,66158.26000000,66348.62000000
1774814400000,66348.61000000,66793.83000000,65000.00000000,66010.93000000
1774828800000,66010.93000000,67450.00000000,65800.59000000,67173.80000000
1774843200000,67173.80000000,67800.00000000,67167.92000000,67624.39000000
1774857600000,67624.39000000,68042.30000000,67360.41000000,67680.45000000
1774872000000,67680.44000000,68169.65000000,67088.73000000,67629.40000000
1774886400000,67629.40000000,67641.65000000,66233.13000000,66550.05000000
1774900800000,66550.06000000,66994.17000000,66419.79000000,66797.37000000
1774915200000,66797.38000000,68408.37000000,66544.51000000,67704.74000000
1774929600000,67704.74000000,67979.38000000,67103.32000000,67367.69000000
1774944000000,67367.70000000,67496.00000000,65998.05000000,66685.69000000
1774958400000,66685.69000000,67767.87000000,66427.53000000,66736.80000000
1774972800000,66736.79000000,68589.49000000,66729.28000000,67838.80000000
1774987200000,67838.79000000,68410.30000000,67831.70000000,68284.48000000
1775001600000,68284.49000000,68378.64000000,67578.75000000,68170.67000000
1775016000000,68170.67000000,69310.00000000,68005.33000000,68692.00000000
1775030400000,68692.00000000,68851.35000000,68389.21000000,68712.52000000
1775044800000,68712.52000000,68965.00000000,67918.83000000,68918.52000000
1775059200000,68918.52000000,69171.77000000,67939.28000000,68176.84000000
1775073600000,68176.84000000,68534.00000000,67964.48000000,68113.92000000
1775088000000,68113.92000000,68653.38000000,66500.00000000,66576.25000000
1775102400000,66576.25000000,66961.26000000,66217.07000000,66930.79000000
1775116800000,66930.79000000,66930.79000000,66167.10000000,66220.28000000
1775131200000,66220.28000000,67104.86000000,65712.12000000,66852.91000000
1775145600000,66852.91000000,67430.99000000,66596.80000000,66975.99000000
1775160000000,66976.00000000,67100.00000000,66731.08000000,66901.99000000
1775174400000,66901.99000000,67000.00000000,66282.00000000,66579.97000000
1775188800000,66579.98000000,67247.38000000,66416.68000000,67042.08000000
1775203200000,67042.08000000,67288.00000000,66674.72000000,67017.44000000
1775217600000,67017.43000000,67370.42000000,66508.10000000,66827.15000000
1775232000000,66827.15000000,67069.00000000,66751.86000000,66885.74000000
1775246400000,66885.73000000,66970.18000000,66826.13000000,66964.30000000
1775260800000,66964.29000000,66968.28000000,66814.00000000,66832.18000000
1775275200000,66832.18000000,67052.99000000,66775.91000000,67014.96000000
1775289600000,67014.95000000,67232.72000000,66918.00000000,67156.93000000
1775304000000,67156.93000000,67562.93000000,67029.07000000,67383.66000000
1775318400000,67383.66000000,67543.60000000,67265.00000000,67288.42000000
1775332800000,67288.42000000,67504.54000000,67186.62000000,67300.42000000
1775347200000,67300.42000000,67307.28000000,66955.72000000,67145.98000000
1775361600000,67145.98000000,67188.51000000,66611.66000000,66820.64000000
1775376000000,66820.64000000,67150.00000000,66819.42000000,66999.00000000
1775390400000,66998.99000000,67856.16000000,66680.57000000,67306.64000000
1775404800000,67306.65000000,67560.45000000,67173.40000000,67361.01000000
1775419200000,67361.01000000,69136.20000000,67332.66000000,69034.18000000
1775433600000,69034.18000000,69588.00000000,68776.61000000,69123.69000000
1775448000000,69123.69000000,69354.26000000,68806.53000000,69115.91000000
1775462400000,69115.91000000,70283.32000000,69081.88000000,69614.91000000
1775476800000,69614.91000000,69973.25000000,69163.86000000,69968.87000000
1775491200000,69968.87000000,70351.46000000,69282.02000000,69739.53000000
1775505600000,69739.52000000,69974.08000000,68300.00000000,68853.66000000
1775520000000,68853.66000000,69128.20000000,68273.34000000,68779.21000000
1775534400000,68779.20000000,68981.83000000,68443.00000000,68624.61000000
1775548800000,68624.60000000,69247.90000000,68071.96000000,68345.75000000
1775563200000,68345.75000000,68633.87000000,67732.01000000,68168.10000000
1775577600000,68168.11000000,69098.44000000,68085.01000000,69011.29000000
1775592000000,69011.29000000,72761.00000000,69011.29000000,71924.22000000
1775606400000,71924.22000000,72110.65000000,71240.99000000,71287.39000000
1775620800000,71287.39000000,71941.42000000,71287.38000000,71627.59000000
1775635200000,71627.59000000,71955.00000000,71407.77000000,71675.12000000
1775649600000,71675.12000000,72857.00000000,70707.23000000,71310.00000000
1775664000000,71309.99000000,71963.94000000,71019.00000000,71318.48000000
1775678400000,71318.47000000,71748.00000000,70901.89000000,71069.93000000
1775692800000,71069.93000000,71198.80000000,70466.00000000,70992.39000000
1775707200000,70992.37000000,71116.00000000,70689.38000000,70982.01000000
1775721600000,70982.01000000,71575.00000000,70865.42000000,71150.17000000
1775736000000,71150.17000000,72358.00000000,70522.77000000,72141.99000000
1775750400000,72142.00000000,72550.00000000,71729.66000000,72096.32000000
1775764800000,72096.33000000,73145.00000000,71585.25000000,71787.97000000
1775779200000,71787.98000000,72387.00000000,71573.35000000,71868.67000000
1775793600000,71868.67000000,72267.89000000,71428.00000000,71481.85000000
1775808000000,71481.85000000,72261.93000000,71426.15000000,72127.59000000
1775822400000,72127.59000000,73289.96000000,71899.51000000,72460.51000000
1775836800000,72460.52000000,73264.76000000,72387.41000000,73236.11000000
1775851200000,73236.11000000,73434.00000000,72700.60000000,72962.70000000
1775865600000,72962.71000000,73094.89000000,72670.00000000,72866.63000000
1775880000000,72866.62000000,72954.28000000,72612.16000000,72745.38000000
1775894400000,72745.38000000,72915.95000000,72617.75000000,72907.05000000
1775908800000,72907.05000000,72982.40000000,72513.09000000,72858.17000000
1775923200000,72858.18000000,73790.00000000,72812.94000000,73687.15000000
1775937600000,73687.16000000,73689.97000000,72907.40000000,73043.16000000
1775952000000,73043.16000000,73137.24000000,71310.00000000,71593.19000000
1775966400000,71593.18000000,71781.00000000,71417.22000000,71665.00000000
1775980800000,71664.99000000,71805.85000000,71357.76000000,71468.55000000
1775995200000,71468.54000000,71500.00000000,70604.07000000,70892.03000000
1776009600000,70892.04000000,71222.58000000,70821.05000000,71084.18000000
1776024000000,71084.18000000,71452.00000000,70505.88000000,70740.98000000
1776038400000,70741.56000000,71271.78000000,70615.30000000,70976.00000000
1776052800000,70975.99000000,71144.00000000,70672.72000000,70813.88000000
1776067200000,70813.88000000,70997.12000000,70566.99000000,70929.68000000
1776081600000,70929.68000000,72464.28000000,70758.50000000,71866.59000000
1776096000000,71866.59000000,73480.00000000,71679.80000000,73322.82000000
1776110400000,73322.00000000,74900.00000000,73007.08000000,74417.99000000
1776124800000,74418.00000000,74579.32000000,73954.86000000,74444.43000000
1776139200000,74444.44000000,74924.64000000,74150.60000000,74546.00000000
1776153600000,74545.99000000,74910.00000000,74307.35000000,74376.52000000
1776168000000,74376.52000000,76038.00000000,74277.19000000,75317.07000000
1776182400000,75317.06000000,75688.00000000,73795.47000000,74223.18000000
1776196800000,74223.30000000,74434.33000000,73806.09000000,74131.55000000
1776211200000,74131.55000000,74786.72000000,74126.32000000,74345.97000000
1776225600000,74345.98000000,74434.51000000,73514.00000000,73730.43000000
1776240000000,73730.43000000,74256.44000000,73675.96000000,74201.78000000
1776254400000,74201.78000000,74506.84000000,73580.85000000,73844.08000000
1776268800000,73844.07000000,75281.00000000,73762.89000000,75002.60000000
1776283200000,75002.60000000,75425.00000000,74512.06000000,74809.99000000
1776297600000,74809.99000000,75267.85000000,74451.49000000,74888.21000000
1776312000000,74888.21000000,75174.38000000,74636.00000000,74707.03000000
1776326400000,74707.02000000,74901.50000000,74277.34000000,74574.79000000
1776340800000,74574.80000000,75030.39000000,73309.85000000,74697.19000000
1776355200000,74697.20000000,75410.71000000,73912.23000000,75342.99000000
1776369600000,75343.00000000,75534.76000000,74789.50000000,75154.29000000
1776384000000,75154.28000000,75154.77000000,74529.40000000,74615.82000000
1776398400000,74615.82000000,75089.51000000,74555.12000000,75074.77000000
1776412800000,75074.76000000,76370.25000000,74993.24000000,75589.70000000
1776427200000,75589.70000000,78052.49000000,75531.97000000,77785.02000000
1776441600000,77785.03000000,78333.00000000,77000.00000000,77393.58000000
1776456000000,77393.58000000,77611.68000000,76911.00000000,77072.00000000
1776470400000,77072.01000000,77420.08000000,76962.67000000,77005.47000000
1776484800000,77005.47000000,77278.58000000,76884.10000000,76997.80000000
1776499200000,76997.79000000,77048.00000000,75763.76000000,76039.05000000
1776513600000,76039.06000000,76363.75000000,75797.53000000,76167.34000000
1776528000000,76167.33000000,76211.57000000,75445.16000000,75649.85000000
1776542400000,75649.86000000,75891.64000000,75599.64000000,75691.76000000
1776556800000,75691.76000000,75847.42000000,75357.00000000,75515.77000000
1776571200000,75515.76000000,75782.63000000,74867.72000000,75252.34000000
1776585600000,75252.33000000,75641.99000000,74921.74000000,75604.11000000
1776600000000,75604.11000000,76240.66000000,75401.44000000,75846.63000000
1776614400000,75846.63000000,75853.26000000,74608.00000000,74965.47000000
1776628800000,74965.46000000,74965.47000000,73762.90000000,73801.79000000
1776643200000,73801.80000000,74746.93000000,73724.31000000,74634.00000000
1776657600000,74634.01000000,75572.00000000,74095.18000000,74837.17000000
1776672000000,74837.18000000,75404.63000000,74619.41000000,75192.71000000
1776686400000,75192.72000000,75772.72000000,74702.00000000,75716.77000000
1776700800000,75716.78000000,76486.67000000,75289.92000000,76296.96000000
1776715200000,76296.97000000,76558.62000000,75617.60000000,75840.97000000
1776729600000,75840.97000000,76263.40000000,75474.77000000,75710.30000000
1776744000000,75710.31000000,76300.00000000,75600.00000000,76084.34000000
1776758400000,76084.34000000,76927.57000000,76063.98000000,76452.94000000
1776772800000,76452.94000000,76595.30000000,75430.62000000,75834.65000000
1776787200000,75834.66000000,76190.72000000,74821.57000000,75023.43000000
1776801600000,75023.43000000,76425.37000000,74967.58000000,76336.15000000
1776816000000,76336.14000000,77733.11000000,76132.95000000,77521.48000000
1776830400000,77521.47000000,78452.18000000,77364.25000000,78012.79000000
1776844800000,78012.78000000,78399.00000000,77941.59000000,78300.00000000
1776859200000,78300.00000000,79400.00000000,78114.04000000,79272.90000000
1776873600000,79272.91000000,79472.82000000,78632.37000000,78846.62000000
1776888000000,78846.62000000,78915.84000000,78155.83000000,78178.23000000
1776902400000,78178.22000000,78574.44000000,77453.43000000,77746.46000000
1776916800000,77746.47000000,78339.35000000,77675.80000000,78048.62000000
1776931200000,78048.61000000,78175.52000000,77174.01000000,77704.62000000
1776945600000,77704.61000000,78662.50000000,77379.92000000,78376.76000000
1776960000000,78376.77000000,78509.82000000,76960.00000000,77727.26000000
1776974400000,77727.25000000,78331.00000000,77637.50000000,78257.48000000
1776988800000,78257.48000000,78581.93000000,77555.00000000,77737.85000000
1777003200000,77737.84000000,78057.65000000,77457.00000000,77644.60000000
1777017600000,77644.59000000,78372.58000000,77402.01000000,78240.26000000
1777032000000,78240.27000000,78479.37000000,77577.22000000,78038.62000000
1777046400000,78038.63000000,78060.29000000,77363.63000000,77628.85000000
1777060800000,77628.84000000,77757.14000000,77264.08000000,77437.13000000
1777075200000,77437.13000000,77711.87000000,77309.92000000,77679.07000000
1777089600000,77679.08000000,77691.23000000,77450.00000000,77501.19000000
1777104000000,77501.19000000,77885.35000000,77491.36000000,77682.30000000
1777118400000,77682.29000000,77752.54000000,77299.89000000,77330.26000000
1777132800000,77330.25000000,77454.31000000,77140.23000000,77330.01000000
1777147200000,77330.00000000,77650.00000000,77311.05000000,77625.00000000
1777161600000,77625.00000000,77642.43000000,77326.51000000,77400.21000000
1777176000000,77400.21000000,78200.00000000,77383.46000000,78102.53000000
1777190400000,78102.53000000,78210.00000000,77926.59000000,78101.44000000
1777204800000,78101.43000000,78173.15000000,77770.00000000,78049.00000000
1777219200000,78049.00000000,78500.00000000,77850.00000000,78221.16000000
1777233600000,78221.17000000,78961.00000000,77843.75000000,78657.55000000
1777248000000,78657.55000000,79485.66000000,78400.03000000,79105.49000000
1777262400000,79105.50000000,79160.00000000,77465.05000000,77606.60000000
1777276800000,77606.59000000,77980.00000000,77553.23000000,77844.26000000
1777291200000,77844.25000000,78265.34000000,76564.33000000,76793.09000000
1777305600000,76793.10000000,76990.43000000,76459.64000000,76878.07000000
1777320000000,76878.23000000,77450.00000000,76763.71000000,77371.32000000
1777334400000,77371.32000000,77478.00000000,76672.00000000,76815.18000000
1777348800000,76815.18000000,77154.00000000,76424.90000000,76879.28000000
1777363200000,76879.28000000,77013.63000000,76130.10000000,76229.00000000
1777377600000,76228.99000000,76421.94000000,75666.60000000,76066.38000000
1777392000000,76066.37000000,76380.83000000,75881.28000000,76330.97000000
1777406400000,76330.97000000,76481.30000000,76197.02000000,76342.77000000
1777420800000,76342.78000000,77127.62000000,76187.75000000,76994.78000000
1777435200000,76994.77000000,77455.71000000,76880.00000000,77053.64000000
1777449600000,77053.65000000,77904.93000000,76972.32000000,77590.03000000
1777464000000,77590.04000000,77596.39000000,75705.32000000,75924.25000000
1777478400000,75924.24000000,76274.80000000,74937.52000000,75563.86000000
1777492800000,75563.87000000,76088.90000000,75497.43000000,75780.00000000
1777507200000,75780.00000000,76473.26000000,75494.70000000,75928.10000000
1777521600000,75928.09000000,76179.91000000,75323.65000000,76161.67000000
1777536000000,76161.67000000,76339.38000000,75876.29000000,76059.43000000
1777550400000,76059.42000000,76669.14000000,76042.75000000,76473.60000000
1777564800000,76473.60000000,76514.80000000,76111.00000000,76412.80000000
1777579200000,76412.80000000,76568.90000000,76206.02000000,76346.57000000
1777593600000,76346.58000000,77453.74000000,76320.42000000,77131.08000000
1777608000000,77131.08000000,77206.38000000,76653.60000000,77130.54000000
1777622400000,77130.54000000,77600.00000000,77048.00000000,77463.98000000
1777636800000,77463.98000000,78914.12000000,77408.73000000,78445.89000000
1777651200000,78445.88000000,78683.23000000,78131.02000000,78360.00000000
1777665600000,78360.01000000,78422.81000000,77752.00000000,78231.13000000
1777680000000,78231.13000000,78514.82000000,78166.48000000,78400.00000000
1777694400000,78399.99000000,78448.99000000,78040.00000000,78220.00000000
1777708800000,78220.00000000,78394.00000000,78094.43000000,78143.08000000
1777723200000,78143.09000000,78487.68000000,78108.41000000,78487.67000000
1777737600000,78487.67000000,78596.61000000,78310.54000000,78486.00000000
1777752000000,78486.23000000,79199.48000000,78418.32000000,78686.85000000
1777766400000,78686.84000000,78754.55000000,78108.75000000,78203.08000000
1777780800000,78203.07000000,78483.67000000,78084.08000000,78363.25000000
1777795200000,78363.24000000,78849.22000000,78354.53000000,78656.01000000
1777809600000,78656.01000000,78878.77000000,78586.99000000,78668.36000000
1777824000000,78668.36000000,78853.32000000,78558.65000000,78760.32000000
1777838400000,78760.32000000,79447.00000000,78484.42000000,78568.57000000
1777852800000,78568.58000000,80458.00000000,78288.88000000,80316.31000000
1777867200000,80316.30000000,80635.51000000,79500.00000000,79696.75000000
1777881600000,79696.75000000,79930.00000000,78202.00000000,78793.67000000
1777896000000,78793.67000000,80545.17000000,78500.00000000,80028.85000000
1777910400000,80028.85000000,80776.99000000,79619.33000000,80053.31000000
1777924800000,80053.31000000,80397.19000000,79744.91000000,79861.01000000
1777939200000,79861.01000000,81083.98000000,79808.72000000,80893.08000000
1777953600000,80893.08000000,81323.52000000,80725.00000000,80855.59000000
1777968000000,80855.59000000,81095.48000000,80527.76000000,81014.05000000
1777982400000,81014.05000000,81712.32000000,80932.54000000,81525.19000000
1777996800000,81525.19000000,81680.00000000,81050.04000000,81606.35000000
1778011200000,81606.35000000,81791.48000000,80790.00000000,80905.52000000
1778025600000,80905.53000000,81760.84000000,80731.14000000,81581.69000000
1778040000000,81581.70000000,81649.99000000,81060.00000000,81359.82000000
1778054400000,81359.82000000,82850.00000000,81328.68000000,82522.89000000
1778068800000,82522.88000000,82539.33000000,81136.00000000,81704.25000000
1778083200000,81704.25000000,81907.51000000,81200.00000000,81464.87000000
1778097600000,81464.86000000,81700.00000000,81000.00000000,81447.01000000
1778112000000,81447.01000000,81490.03000000,80830.23000000,80834.91000000
1778126400000,80834.92000000,81708.32000000,80725.09000000,81518.58000000
1778140800000,81518.57000000,81590.00000000,80572.40000000,80866.65000000
1778155200000,80866.65000000,81180.00000000,79699.52000000,79890.63000000
1778169600000,79890.00000000,80269.06000000,79500.00000000,80146.11000000
1778184000000,80146.77000000,80371.23000000,79582.95000000,80006.00000000
1778198400000,80006.00000000,80142.84000000,79181.48000000,79578.85000000
1778212800000,79578.84000000,79778.95000000,79248.58000000,79682.40000000
1778227200000,79682.40000000,80340.94000000,79666.05000000,80231.22000000
1778241600000,80231.22000000,80500.00000000,79549.54000000,80142.14000000
1778256000000,80142.13000000,80299.99000000,79738.75000000,80179.94000000
1778270400000,80180.00000000,80409.09000000,80089.76000000,80193.17000000
1778284800000,80193.18000000,80550.67000000,80129.85000000,80383.95000000
1778299200000,80383.96000000,80666.66000000,80135.00000000,80228.89000000
1778313600000,80228.88000000,80452.44000000,80166.26000000,80345.46000000
1778328000000,80345.47000000,80600.00000000,80234.00000000,80527.92000000
1778342400000,80527.92000000,81080.00000000,80487.40000000,80938.53000000
1778356800000,80938.53000000,80938.53000000,80621.88000000,80678.40000000
1778371200000,80678.41000000,80887.15000000,80572.77000000,80775.00000000
1778385600000,80774.99000000,80840.00000000,80658.97000000,80736.03000000
1778400000000,80736.03000000,80975.40000000,80691.00000000,80821.21000000
1778414400000,80821.21000000,81442.81000000,80784.20000000,81418.01000000
1778428800000,81418.01000000,81583.11000000,81148.00000000,81437.83000000
1778443200000,81437.83000000,82479.32000000,80279.77000000,82210.07000000
1778457600000,82210.07000000,82380.00000000,80525.00000000,80736.01000000
1778472000000,80736.00000000,81049.51000000,80639.99000000,80740.40000000
1778486400000,80740.40000000,81200.00000000,80621.87000000,81196.94000000
1778500800000,81196.95000000,81458.00000000,80462.97000000,81445.90000000
1778515200000,81445.89000000,82137.26000000,81344.72000000,81961.99000000
1778529600000,81961.99000000,82078.91000000,81596.31000000,81745.65000000
1778544000000,81745.66000000,81788.00000000,80714.28000000,81058.80000000
1778558400000,81058.79000000,81305.24000000,80800.77000000,80865.40000000
1778572800000,80865.40000000,80964.13000000,80496.57000000,80784.87000000
1778587200000,80784.86000000,80999.00000000,80188.65000000,80336.01000000
1778601600000,80336.01000000,80874.42000000,79843.59000000,80834.64000000
1778616000000,80835.30000000,80896.25000000,80439.91000000,80504.47000000
1778630400000,80504.47000000,81299.99000000,80412.15000000,81249.99000000
1778644800000,81249.99000000,81281.07000000,80889.12000000,81026.92000000
1778659200000,81026.92000000,81324.64000000,80494.98000000,80501.22000000
1778673600000,80501.22000000,80592.65000000,78807.22000000,78827.21000000
1778688000000,78827.21000000,79800.00000000,78754.65000000,79642.41000000
1778702400000,79642.41000000,79760.00000000,79228.00000000,79313.61000000
1778716800000,79313.61000000,79681.73000000,78922.00000000,79044.85000000
1778731200000,79044.86000000,79998.00000000,78982.06000000,79745.98000000
1778745600000,79745.99000000,79936.98000000,79234.00000000,79258.27000000
1778760000000,79258.27000000,81332.23000000,79230.31000000,81301.23000000
1778774400000,81301.22000000,82048.13000000,81080.25000000,81419.74000000
1778788800000,81419.75000000,81590.19000000,81059.93000000,81089.99000000
1778803200000,81090.00000000,81664.45000000,80750.00000000,81059.15000000
1778817600000,81059.15000000,81100.00000000,80314.00000000,80814.88000000
1778832000000,80814.88000000,80822.95000000,80369.00000000,80628.53000000
1778846400000,80628.52000000,80635.44000000,78659.00000000,79150.27000000
1778860800000,79150.26000000,79561.94000000,79051.00000000,79146.50000000
1778875200000,79146.50000000,79217.07000000,78911.42000000,79113.21000000
1778889600000,79113.20000000,79227.77000000,79010.00000000,79083.18000000
1778904000000,79083.19000000,79129.71000000,78066.00000000,78369.77000000
1778918400000,78369.78000000,78530.52000000,77640.00000000,78081.71000000
1778932800000,78080.46000000,78346.00000000,77833.40000000,78238.67000000
1778947200000,78238.68000000,78364.65000000,78119.72000000,78259.66000000
1778961600000,78259.67000000,78318.94000000,78125.32000000,78148.05000000
1778976000000,78148.05000000,78243.19000000,77721.19000000,78028.88000000
1778990400000,78028.88000000,78323.96000000,78003.35000000,78180.01000000
1779004800000,78180.00000000,78599.99000000,78033.01000000,78415.99000000
1779019200000,78415.99000000,78550.00000000,77850.00000000,78051.41000000
1779033600000,78051.42000000,78468.46000000,77856.69000000,78415.30000000
1779048000000,78415.29000000,78485.36000000,76735.16000000,77457.67000000
1779062400000,77457.67000000,77477.99000000,76707.61000000,76924.65000000
1779076800000,76924.66000000,77089.29000000,76583.33000000,77073.69000000
1779091200000,77073.69000000,77403.48000000,76668.58000000,77285.83000000
1779105600000,77285.83000000,77800.00000000,76051.00000000,76409.46000000
1779120000000,76409.46000000,76995.00000000,76144.24000000,76928.00000000
1779134400000,76928.00000000,77222.79000000,76800.00000000,77001.87000000
1779148800000,77001.88000000,77414.62000000,76487.83000000,76787.11000000
1779163200000,76787.10000000,77278.57000000,76644.98000000,77233.69000000
1779177600000,77233.68000000,77317.02000000,76633.83000000,76714.62000000
1779192000000,76714.61000000,77048.72000000,76144.71000000,76521.23000000
1779206400000,76521.24000000,77065.80000000,76407.72000000,76818.74000000
1779220800000,76818.73000000,77040.83000000,76642.95000000,76834.36000000
1779235200000,76834.36000000,76922.46000000,76516.74000000,76723.54000000
1779249600000,76723.55000000,77472.21000000,76692.00000000,77282.64000000
1779264000000,77282.65000000,77663.00000000,77210.33000000,77382.49000000
1779278400000,77382.50000000,77853.04000000,76891.61000000,77455.46000000
1779292800000,77455.45000000,77713.66000000,77018.38000000,77667.49000000
1779307200000,77667.49000000,77766.60000000,77226.61000000,77552.23000000
1779321600000,77552.24000000,78173.15000000,77525.00000000,78078.72000000
1779336000000,78078.72000000,78180.01000000,77521.00000000,77889.01000000
1779350400000,77889.01000000,78200.00000000,77147.15000000,77189.10000000
1779364800000,77189.10000000,77402.12000000,76719.47000000,77259.46000000
1779379200000,77259.45000000,78098.16000000,77008.75000000,77690.56000000
1779393600000,77690.56000000,77813.35000000,77534.43000000,77615.52000000
1779408000000,77615.52000000,77817.80000000,77327.28000000,77779.98000000
1779422400000,77779.98000000,77900.00000000,77288.77000000,77408.06000000
1779436800000,77408.07000000,77535.00000000,77184.45000000,77428.84000000
1779451200000,77428.83000000,77584.94000000,76570.00000000,76790.59000000
1779465600000,76790.60000000,77093.72000000,75668.76000000,75860.44000000
1779480000000,75860.44000000,76087.85000000,75359.18000000,75539.50000000
1779494400000,75539.50000000,75664.62000000,75220.00000000,75635.22000000
1779508800000,75635.22000000,75650.63000000,74289.60000000,74609.36000000
1779523200000,74609.37000000,74873.55000000,74303.56000000,74789.99000000
1779537600000,74789.99000000,75726.30000000,74660.05000000,75520.00000000
1779552000000,75519.99000000,76012.22000000,75371.72000000,75983.45000000
1779566400000,75983.45000000,77404.18000000,75953.94000000,76752.01000000
1779580800000,76752.00000000,77011.62000000,76629.02000000,76750.00000000
1779595200000,76750.01000000,77065.94000000,76651.59000000,76799.99000000
1779609600000,76799.99000000,77543.15000000,76734.42000000,77320.06000000
1779624000000,77320.06000000,77325.72000000,76195.36000000,76371.59000000
1779638400000,76371.59000000,76799.99000000,76371.59000000,76773.34000000
1779652800000,76773.33000000,77225.97000000,76108.00000000,77064.96000000
1779667200000,77064.96000000,77485.00000000,76914.25000000,77026.67000000
1779681600000,77026.68000000,77650.00000000,76990.78000000,77401.12000000
1779696000000,77401.11000000,77699.97000000,77280.32000000,77357.50000000
1779710400000,77357.50000000,77905.52000000,77286.50000000,77628.82000000
1779724800000,77628.82000000,77807.29000000,77343.61000000,77441.86000000
1779739200000,77441.85000000,77500.00000000,77019.82000000,77322.01000000
1779753600000,77322.01000000,77345.00000000,76475.59000000,76664.01000000
1779768000000,76664.00000000,77059.74000000,76603.73000000,76730.84000000
1779782400000,76730.84000000,77621.75000000,76586.94000000,77183.55000000
1779796800000,77183.56000000,78080.00000000,76272.63000000,76518.10000000
1779811200000,76518.10000000,76710.01000000,75779.30000000,76052.00000000
1779825600000,76052.00000000,76180.00000000,75677.97000000,75930.01000000
1779840000000,75930.01000000,76104.02000000,75607.62000000,75683.00000000
1779854400000,75683.00000000,75980.00000000,75310.90000000,75977.17000000
1779868800000,75977.16000000,76071.41000000,75710.76000000,75769.18000000
1779883200000,75769.18000000,76174.15000000,74758.33000000,75326.01000000
1779897600000,75326.02000000,75408.01000000,74663.45000000,75066.08000000
1779912000000,75066.09000000,75415.81000000,74243.99000000,74449.30000000
1779926400000,74449.31000000,74590.77000000,73060.59000000,73258.01000000
1779940800000,73258.00000000,73512.14000000,72728.85000000,73498.00000000
1779955200000,73498.00000000,73616.00000000,73193.13000000,73505.66000000
1779969600000,73505.65000000,73580.75000000,72582.82000000,72928.73000000
1779984000000,72928.73000000,73749.69000000,72741.40000000,73419.32000000
1779998400000,73419.31000000,73949.22000000,73241.48000000,73617.51000000
1780012800000,73617.52000000,73868.33000000,73189.11000000,73301.52000000
1780027200000,73301.53000000,73939.19000000,73210.21000000,73528.56000000
1780041600000,73528.55000000,73902.85000000,73341.85000000,73487.98000000
1780056000000,73487.98000000,74200.00000000,72512.49000000,73808.26000000
1780070400000,73808.25000000,74514.10000000,73187.25000000,73520.28000000
1780084800000,73520.29000000,73844.00000000,73320.00000000,73460.78000000
1780099200000,73460.78000000,73796.43000000,73408.62000000,73524.01000000
1780113600000,73524.01000000,73709.91000000,73216.00000000,73548.60000000
1780128000000,73548.60000000,73680.75000000,73500.02000000,73602.02000000
1780142400000,73602.01000000,74100.00000000,73594.40000000,73930.14000000
1780156800000,73930.13000000,74143.76000000,73811.30000000,74016.65000000
1780171200000,74016.64000000,74054.00000000,73781.30000000,73884.38000000
1780185600000,73884.38000000,74275.66000000,73858.56000000,74150.64000000
1780200000000,74150.64000000,74221.33000000,73836.00000000,73871.24000000
1780214400000,73871.25000000,74024.00000000,73699.20000000,73937.79000000
1780228800000,73937.63000000,74023.99000000,73483.05000000,73655.21000000
1780243200000,73655.20000000,73734.00000000,73400.00000000,73563.42000000
1780257600000,73563.41000000,74198.00000000,73500.00000000,73674.39000000
1780272000000,73674.39000000,74092.00000000,73222.00000000,73769.06000000
1780286400000,73769.06000000,73841.37000000,72704.00000000,72818.00000000
1780300800000,72818.00000000,73095.64000000,72290.00000000,72479.99000000
1780315200000,72480.00000000,72610.00000000,71066.33000000,71129.62000000
1780329600000,71129.62000000,71800.73000000,70686.68000000,71595.24000000
1780344000000,71595.24000000,71690.00000000,70840.90000000,71408.90000000
1780358400000,71408.90000000,71408.90000000,70111.00000000,70953.69000000
1780372800000,70953.70000000,71048.00000000,69733.00000000,70118.42000000
1780387200000,70118.42000000,70172.00000000,69324.65000000,69461.72000000
1780401600000,69461.73000000,69548.13000000,67076.00000000,67304.28000000
1780416000000,67304.29000000,68146.30000000,66432.00000000,67315.14000000
1780430400000,67315.14000000,67923.24000000,66193.00000000,66760.83000000
1780444800000,66760.84000000,67204.15000000,65426.34000000,65849.90000000
1780459200000,65849.90000000,67516.00000000,65834.00000000,67220.03000000
1780473600000,67220.03000000,67476.69000000,66656.48000000,67067.37000000
1780488000000,67067.37000000,67244.62000000,66076.00000000,66076.01000000
1780502400000,66076.01000000,66373.18000000,65251.00000000,65462.00000000
1780516800000,65461.99000000,65860.00000000,64092.49000000,64142.75000000
1780531200000,64142.75000000,64540.30000000,61383.56000000,64363.49000000
1780545600000,64363.49000000,64764.32000000,63492.89000000,63603.15000000
1780560000000,63603.15000000,63904.63000000,62205.00000000,62545.99000000
1780574400000,62546.00000000,64494.92000000,62392.00000000,63896.17000000
1780588800000,63896.16000000,64163.93000000,62944.91000000,63629.38000000
1780603200000,63629.38000000,63918.00000000,63106.04000000,63885.99000000
1780617600000,63885.99000000,63978.00000000,62339.00000000,62730.00000000
1780632000000,62730.00000000,63688.00000000,61126.01000000,63115.99000000
1780646400000,63115.99000000,63259.90000000,61964.98000000,61964.99000000
1780660800000,61964.99000000,62457.86000000,60000.00000000,60438.01000000
1780675200000,60438.00000000,61547.24000000,59130.91000000,60300.24000000
1780689600000,60300.24000000,62000.00000000,59940.01000000,61056.47000000
1780704000000,61056.47000000,61530.05000000,60520.00000000,60687.04000000
1780718400000,60687.05000000,61276.95000000,59500.00000000,61004.95000000
1780732800000,61004.95000000,61500.00000000,60198.00000000,60802.91000000
1780747200000,60802.90000000,61185.26000000,60396.00000000,60784.00000000
1780761600000,60784.01000000,60971.24000000,60393.96000000,60600.01000000
1780776000000,60600.00000000,61000.00000000,60429.09000000,60884.62000000
1780790400000,60884.62000000,61778.33000000,60746.00000000,61701.07000000
1780804800000,61701.06000000,62416.26000000,61482.46000000,62404.73000000
1780819200000,62404.72000000,62960.00000000,62259.37000000,62621.96000000
1780833600000,62621.97000000,62643.97000000,61577.12000000,62093.99000000
1780848000000,62093.99000000,62332.00000000,61184.00000000,61328.00000000
1780862400000,61327.99000000,64234.68000000,61217.17000000,63332.01000000
1780876800000,63332.01000000,63863.06000000,62720.86000000,63130.12000000
1780891200000,63130.12000000,63350.00000000,62408.00000000,63283.99000000
1780905600000,63284.00000000,63873.08000000,62992.01000000,63479.61000000
1780920000000,63479.62000000,64200.00000000,62718.30000000,63774.48000000
1780934400000,63774.48000000,64046.86000000,63268.01000000,63372.01000000
1780948800000,63372.01000000,63850.00000000,62978.66000000,63085.99000000
1780963200000,63086.00000000,63184.00000000,62423.07000000,62875.17000000
1780977600000,62875.18000000,63526.01000000,62748.00000000,63198.44000000
1780992000000,63198.44000000,63208.86000000,62498.75000000,62711.12000000
1781006400000,62711.12000000,62895.18000000,61037.00000000,61131.84000000
1781020800000,61131.85000000,62103.39000000,60780.00000000,62098.09000000
1781035200000,62098.09000000,62272.00000000,61556.00000000,61730.00000000
1781049600000,61730.00000000,61974.70000000,61235.29000000,61549.64000000
1781064000000,61549.64000000,61813.34000000,61080.00000000,61687.56000000
1781078400000,61687.56000000,61736.00000000,60755.00000000,61034.04000000
1781092800000,61034.04000000,62857.99000000,60960.00000000,62639.23000000
1781107200000,62639.23000000,62646.00000000,61588.80000000,61942.44000000
1781121600000,61942.45000000,61949.21000000,61104.24000000,61510.99000000
1781136000000,61510.99000000,62848.00000000,61510.99000000,62689.48000000
1781150400000,62689.47000000,62997.53000000,62544.89000000,62719.39000000
1781164800000,62719.39000000,63257.21000000,62719.38000000,63108.00000000
1781179200000,63108.01000000,63239.43000000,62500.00000000,62749.44000000
1781193600000,62749.44000000,63933.02000000,62348.00000000,63605.68000000
1781208000000,63605.69000000,63700.00000000,63270.00000000,63625.99000000
1781222400000,63626.00000000,63810.01000000,63301.53000000,63524.82000000
1781236800000,63524.81000000,63863.98000000,62829.81000000,63100.80000000
1781251200000,63100.80000000,63953.84000000,63100.80000000,63766.01000000
1781265600000,63766.01000000,64394.44000000,63045.29000000,63593.02000000
1781280000000,63593.02000000,64111.10000000,63510.16000000,63589.27000000
1781294400000,63589.28000000,63696.41000000,63400.00000000,63580.01000000
1781308800000,63580.00000000,63840.00000000,63418.66000000,63532.00000000
1781323200000,63532.00000000,63883.47000000,63484.00000000,63846.00000000
1781337600000,63845.99000000,63984.53000000,63726.57000000,63971.28000000
1781352000000,63971.28000000,64350.00000000,63921.33000000,64296.15000000
1781366400000,64296.15000000,64333.62000000,63920.05000000,64296.59000000
1781380800000,64296.59000000,64762.77000000,64226.38000000,64458.01000000
1781395200000,64458.01000000,64710.00000000,64380.70000000,64545.30000000
1781409600000,64545.30000000,64563.48000000,64214.00000000,64429.39000000
1781424000000,64429.39000000,64664.00000000,64321.18000000,64546.00000000
1781438400000,64546.01000000,64560.66000000,63866.66000000,64025.07000000
1781452800000,64025.06000000,64208.92000000,63678.83000000,63802.00000000
1781467200000,63801.99000000,65800.00000000,63794.09000000,65746.45000000
1781481600000,65746.45000000,65995.00000000,65354.00000000,65927.10000000
1781496000000,65927.11000000,66000.00000000,65611.01000000,65674.76000000
1781510400000,65674.76000000,66385.12000000,65512.00000000,66233.90000000
1781524800000,66233.89000000,67292.15000000,66106.00000000,67292.14000000
1781539200000,67292.15000000,67292.15000000,66348.00000000,66614.35000000
1781553600000,66615.98000000,66681.30000000,66076.56000000,66328.74000000
1781568000000,66328.74000000,66463.26000000,65650.00000000,66165.21000000
1781582400000,66165.21000000,66572.99000000,65802.00000000,66372.00000000
1781596800000,66372.00000000,66992.00000000,66345.06000000,66481.73000000
1781611200000,66481.73000000,66818.00000000,65360.92000000,65859.76000000
1781625600000,65859.76000000,66248.69000000,65560.00000000,65675.88000000
1781640000000,65675.89000000,65938.00000000,65592.00000000,65675.01000000
1781654400000,65675.02000000,66200.00000000,65477.50000000,65851.99000000
1781668800000,65852.00000000,66048.19000000,65251.00000000,65539.50000000
1781683200000,65539.51000000,65574.00000000,64565.00000000,64810.01000000
1781697600000,64810.01000000,65855.66000000,64590.53000000,65752.00000000
1781712000000,65751.99000000,66445.93000000,63998.35000000,64301.85000000
1781726400000,64301.85000000,64529.20000000,63915.77000000,64509.40000000
1781740800000,64509.40000000,64806.00000000,64267.86000000,64282.82000000
1781755200000,64282.82000000,64510.50000000,63696.29000000,64510.44000000
1781769600000,64510.45000000,64646.75000000,63878.14000000,63974.40000000
1781784000000,63974.40000000,64445.19000000,62293.76000000,62369.44000000
1781798400000,62369.43000000,63008.33000000,62272.07000000,62950.79000000
1781812800000,62950.79000000,63274.19000000,62742.00000000,62958.01000000
1781827200000,62958.01000000,63110.29000000,62386.90000000,62773.51000000
1781841600000,62773.52000000,62917.32000000,62409.55000000,62629.99000000
1781856000000,62630.00000000,62782.00000000,62316.44000000,62626.00000000
1781870400000,62626.00000000,63419.27000000,62353.00000000,63214.01000000
1781884800000,63214.01000000,63387.80000000,62866.99000000,63021.60000000
1781899200000,63021.60000000,63666.00000000,62958.59000000,63543.91000000
1781913600000,63543.90000000,63777.00000000,63320.14000000,63476.79000000
1781928000000,63476.79000000,63907.07000000,63402.00000000,63655.21000000
1781942400000,63655.21000000,63798.76000000,63392.41000000,63688.00000000
1781956800000,63688.00000000,64388.00000000,63184.21000000,64160.04000000
1781971200000,64160.04000000,64167.26000000,63730.21000000,63936.00000000
1781985600000,63935.99000000,64350.00000000,63853.31000000,64298.01000000
1782000000000,64298.01000000,64472.99000000,64206.17000000,64426.00000000
1782014400000,64426.00000000,64588.00000000,64173.08000000,64191.07000000
1782028800000,64191.06000000,64483.95000000,63900.17000000,64176.00000000
1782043200000,64176.00000000,64355.88000000,63952.00000000,64224.00000000
1782057600000,64224.00000000,64298.84000000,63933.47000000,64207.12000000
1782072000000,64207.13000000,64271.21000000,63270.00000000,63311.99000000
1782086400000,63312.00000000,64823.52000000,63312.00000000,63974.01000000
1782100800000,63974.01000000,64397.57000000,63868.41000000,64211.19000000
1782115200000,64211.20000000,64768.46000000,64044.00000000,64657.22000000
1782129600000,64657.22000000,65622.83000000,64579.08000000,64836.95000000
1782144000000,64836.95000000,64862.00000000,64276.00000000,64472.00000000
1782158400000,64472.51000000,64659.43000000,63804.59000000,64020.01000000
1782172800000,64020.01000000,64275.38000000,63828.93000000,64065.35000000
1782187200000,64065.34000000,64095.55000000,62568.90000000,62886.03000000
1782201600000,62886.04000000,62945.08000000,61938.00000000,62507.06000000
1782216000000,62507.05000000,62855.98000000,61960.00000000,62487.79000000
1782230400000,62487.79000000,62846.00000000,62104.70000000,62388.49000000
1782244800000,62388.49000000,62799.99000000,62380.25000000,62734.57000000
1782259200000,62734.57000000,63119.45000000,62461.87000000,62729.78000000
1782273600000,62729.78000000,63073.44000000,62525.49000000,62657.99000000
1782288000000,62658.00000000,63239.06000000,62318.88000000,62921.19000000
1782302400000,62921.19000000,62973.20000000,60249.82000000,60250.00000000
1782316800000,60250.00000000,60678.10000000,59102.70000000,59958.30000000
1782331200000,59958.30000000,61276.00000000,59854.00000000,61077.99000000
1782345600000,61078.00000000,61163.16000000,60684.94000000,60883.65000000
1782360000000,60883.66000000,61962.40000000,60792.00000000,61911.04000000
1782374400000,61911.03000000,61920.00000000,61066.00000000,61282.01000000
1782388800000,61282.00000000,61761.35000000,58115.01000000,59557.99000000
1782403200000,59557.99000000,60067.00000000,59139.96000000,59320.00000000
1782417600000,59319.99000000,60273.81000000,59319.99000000,59794.00000000
1782432000000,59794.64000000,60131.37000000,58337.00000000,60036.01000000
1782446400000,60036.00000000,60759.99000000,59702.00000000,60532.00000000
1782460800000,60532.00000000,60580.00000000,59239.78000000,59413.24000000
1782475200000,59413.24000000,60500.00000000,58500.10000000,60328.32000000
1782489600000,60328.18000000,60583.00000000,59556.00000000,59751.97000000
1782504000000,59751.96000000,60117.64000000,59571.31000000,60097.27000000
1782518400000,60097.27000000,60412.00000000,59876.22000000,60305.73000000
1782532800000,60305.73000000,60574.00000000,60093.33000000,60548.07000000
1782547200000,60548.06000000,60548.74000000,60198.94000000,60363.65000000
1782561600000,60363.65000000,60941.17000000,60257.03000000,60840.06000000
1782576000000,60840.06000000,60855.03000000,60085.88000000,60175.95000000
1782590400000,60175.95000000,60482.18000000,59855.16000000,60029.00000000
1782604800000,60029.01000000,60339.99000000,59986.00000000,60197.04000000
1782619200000,60197.03000000,60259.68000000,59753.48000000,60219.99000000
1782633600000,60220.00000000,60545.01000000,60068.00000000,60342.00000000
1782648000000,60341.99000000,60457.02000000,59817.28000000,59890.00000000
1782662400000,59890.35000000,59943.90000000,59270.26000000,59481.79000000
1782676800000,59481.78000000,59906.00000000,58905.00000000,59577.01000000
1782691200000,59577.01000000,60233.00000000,58900.01000000,60049.46000000
1782705600000,60049.45000000,60346.27000000,59392.02000000,60026.00000000
1782720000000,60026.01000000,60311.95000000,59745.46000000,59956.05000000
1782734400000,59956.05000000,60780.57000000,59011.00000000,59824.01000000
1782748800000,59824.01000000,60683.84000000,59584.48000000,60433.49000000
1782763200000,60433.50000000,60585.99000000,60194.01000000,60260.21000000
1782777600000,60260.20000000,60276.54000000,59600.00000000,59627.48000000
1782792000000,59627.47000000,59712.88000000,59360.00000000,59524.01000000
1782806400000,59524.01000000,59551.03000000,59123.01000000,59192.70000000
1782820800000,59192.71000000,59276.60000000,58201.00000000,58381.99000000
1782835200000,58382.00000000,58839.16000000,58241.79000000,58818.05000000
1782849600000,58818.00000000,58874.99000000,58509.99000000,58624.71000000
1782864000000,58624.71000000,59318.00000000,57800.19000000,59197.13000000
1782878400000,59197.12000000,59457.00000000,58534.31000000,58768.65000000
1782892800000,58768.64000000,59091.99000000,58500.00000000,58622.03000000
1782907200000,58622.02000000,60536.55000000,58326.00000000,60147.15000000
1782921600000,60147.15000000,60352.93000000,59787.35000000,60028.67000000
1782936000000,60029.39000000,61334.00000000,59876.00000000,60024.00000000
1782950400000,60024.00000000,61121.78000000,59588.00000000,61058.00000000
1782964800000,61057.99000000,61058.00000000,60104.00000000,60149.99000000
1782979200000,60149.99000000,61437.49000000,60132.51000000,61358.01000000
1782993600000,61358.00000000,62200.00000000,61147.23000000,61612.93000000
1783008000000,61612.93000000,61962.43000000,61108.99000000,61479.60000000
1783022400000,61479.59000000,61653.43000000,61342.00000000,61560.00000000
1783036800000,61560.00000000,61733.11000000,61248.86000000,61434.00000000
1783051200000,61434.00000000,61864.99000000,61332.76000000,61750.47000000
1783065600000,61750.47000000,62103.10000000,61510.01000000,62024.02000000
1783080000000,62024.01000000,62400.00000000,61700.00000000,61922.72000000
1783094400000,61922.71000000,62317.64000000,61911.65000000,62210.00000000
1783108800000,62210.00000000,62979.86000000,62186.01000000,62583.26000000
1783123200000,62583.26000000,62946.00000000,62404.25000000,62627.29000000
1783137600000,62627.28000000,62749.97000000,62328.24000000,62576.00000000
1783152000000,62576.00000000,62674.47000000,62415.87000000,62482.01000000
1783166400000,62482.00000000,63075.46000000,62482.00000000,62943.29000000
1783180800000,62943.29000000,63461.99000000,62786.00000000,63294.72000000
1783195200000,63294.72000000,63448.00000000,62927.98000000,63144.01000000
1783209600000,63144.01000000,63144.01000000,62596.08000000,62769.04000000
1783224000000,62769.03000000,63059.99000000,62659.65000000,63020.21000000
1783238400000,63020.21000000,63104.00000000,62436.59000000,62658.92000000
1783252800000,62658.92000000,62943.59000000,62569.37000000,62740.01000000
1783267200000,62740.01000000,62888.14000000,62590.02000000,62768.88000000
1783281600000,62768.87000000,63999.00000000,62609.47000000,63650.00000000
1783296000000,63650.01000000,63920.00000000,63136.01000000,63294.00000000
1783310400000,63294.00000000,63402.77000000,62890.00000000,63089.42000000
1783324800000,63089.42000000,63244.00000000,62483.83000000,62483.84000000
1783339200000,62483.84000000,63550.00000000,61306.84000000,63545.98000000
1783353600000,63545.98000000,63976.16000000,63386.01000000,63738.52000000
1783368000000,63738.52000000,64700.00000000,63589.41000000,64042.02000000
1783382400000,64042.93000000,64314.00000000,63150.00000000,63191.01000000
1783396800000,63191.01000000,63445.70000000,62800.00000000,63083.18000000
1783411200000,63083.19000000,63467.15000000,62984.58000000,63406.00000000
1783425600000,63405.99000000,64105.00000000,62671.39000000,63930.51000000
1783440000000,63930.50000000,64243.75000000,63379.69000000,63817.99000000
1783454400000,63818.00000000,63901.75000000,63218.00000000,63363.99000000
1783468800000,63364.00000000,63761.99000000,62525.47000000,62766.00000000
1783483200000,62766.00000000,62901.49000000,62477.04000000,62888.35000000
1783497600000,62888.34000000,62941.46000000,61743.83000000,62299.99000000
1783512000000,62300.00000000,62451.08000000,61544.56000000,61704.01000000
1783526400000,61704.01000000,62394.32000000,61692.00000000,62277.98000000
1783540800000,62277.98000000,62350.63000000,61956.00000000,62290.00000000
1783555200000,62290.01000000,62642.00000000,61705.29000000,61974.34000000
1783569600000,61974.34000000,63283.26000000,61956.46000000,63000.00000000
1783584000000,62999.99000000,63100.10000000,62614.66000000,62786.34000000
1783598400000,62786.33000000,63261.00000000,62465.39000000,62868.05000000
1783612800000,62868.06000000,63500.00000000,62559.59000000,63248.10000000
1783627200000,63248.09000000,63418.00000000,63060.91000000,63230.00000000
1783641600000,63230.01000000,64050.23000000,62926.01000000,63947.20000000
1783656000000,63947.20000000,64200.00000000,63802.02000000,63963.00000000
1783670400000,63963.00000000,64494.84000000,63962.99000000,64425.18000000
1783684800000,64425.18000000,64692.83000000,63793.43000000,64040.00000000
1783699200000,64039.99000000,64220.00000000,63732.66000000,63917.88000000
1783713600000,63917.88000000,64222.61000000,63656.00000000,64161.72000000
1783728000000,64161.72000000,64310.00000000,63984.07000000,64150.42000000
1783742400000,64150.42000000,64278.00000000,64080.26000000,64162.18000000
1783756800000,64162.18000000,64300.00000000,64129.99000000,64198.00000000
1783771200000,64197.99000000,64504.11000000,63896.18000000,64175.75000000
1783785600000,64175.75000000,64402.00000000,64084.00000000,64286.00000000
1783800000000,64286.00000000,64463.83000000,63819.00000000,63819.00000000
1783814400000,63819.01000000,64223.74000000,63702.16000000,64223.73000000
1783828800000,64223.73000000,64245.87000000,63640.83000000,63885.27000000
1783843200000,63885.28000000,64100.32000000,63764.00000000,64018.01000000
1783857600000,64018.00000000,64290.11000000,63958.71000000,64176.00000000
1783872000000,64176.00000000,64270.00000000,64018.69000000,64228.59000000
1783886400000,64228.59000000,64254.00000000,63668.00000000,63780.00000000
1783900800000,63780.00000000,64425.00000000,62741.04000000,62806.41000000
1783915200000,62806.41000000,63070.01000000,62500.76000000,62985.52000000
1783929600000,62985.53000000,63302.88000000,62862.28000000,62901.99000000
1783944000000,62901.99000000,62990.04000000,62101.00000000,62618.01000000
1783958400000,62618.00000000,62629.35000000,61824.97000000,62288.23000000
1783972800000,62288.23000000,62347.46000000,61882.88000000,62334.52000000
1783987200000,62334.52000000,62666.66000000,62272.20000000,62572.89000000
1784001600000,62572.88000000,62872.00000000,62516.93000000,62560.92000000
1784016000000,62560.92000000,62923.06000000,62500.00000000,62844.99000000
1784030400000,62844.99000000,64966.43000000,62780.84000000,64743.99000000
1784044800000,64744.00000000,64896.86000000,64231.77000000,64569.59000000
1784059200000,64569.59000000,65100.00000000,64419.99000000,65043.98000000
1784073600000,65043.99000000,65065.01000000,64488.00000000,64792.01000000
1784088000000,64792.00000000,65277.37000000,64485.00000000,64549.34000000
1784102400000,64549.33000000,64917.94000000,64549.33000000,64732.15000000
1784116800000,64732.15000000,65600.00000000,64606.00000000,65427.61000000
1784131200000,65427.60000000,65470.00000000,64738.49000000,64977.34000000
1784145600000,64977.34000000,65055.39000000,64691.89000000,64756.28000000
1784160000000,64756.28000000,64845.50000000,64392.01000000,64619.95000000
1784174400000,64619.96000000,64997.52000000,64086.12000000,64238.00000000
1784188800000,64238.00000000,64380.00000000,63888.00000000,64256.53000000
1784203200000,64256.52000000,64896.00000000,63838.28000000,64704.73000000
1784217600000,64704.73000000,64712.00000000,63984.09000000,64271.84000000
1784232000000,64271.85000000,64276.00000000,63748.74000000,63830.20000000
1784246400000,63830.20000000,64067.69000000,63380.28000000,63570.00000000
1784260800000,63570.00000000,63576.00000000,62710.00000000,62828.11000000
1784275200000,62828.11000000,63361.70000000,62666.00000000,63298.01000000
1784289600000,63298.00000000,63518.00000000,62537.56000000,63452.00000000
1784304000000,63452.00000000,64387.99000000,63312.01000000,64160.80000000
1784318400000,64160.80000000,64216.61000000,63884.35000000,63931.67000000
1784332800000,63931.67000000,64032.60000000,63886.65000000,64017.84000000
1784347200000,64017.84000000,64026.03000000,63926.39000000,64002.75000000
1784361600000,64002.75000000,64097.22000000,63887.73000000,64069.89000000
1784376000000,64069.89000000,64274.47000000,63963.00000000,64123.12000000
1784390400000,64123.13000000,64669.50000000,64091.48000000,64552.79000000
1784404800000,64552.80000000,64865.00000000,64528.69000000,64834.22000000
1784419200000,64834.21000000,64967.25000000,64620.44000000,64706.18000000
1784433600000,64706.18000000,64815.65000000,64610.89000000,64711.05000000
1784448000000,64711.04000000,64743.00000000,64445.00000000,64467.64000000
1784462400000,64467.65000000,64663.04000000,64285.24000000,64585.32000000
1784476800000,64585.33000000,64752.00000000,64280.00000000,64462.58000000
1784491200000,64462.58000000,64900.00000000,64347.89000000,64722.54000000
1784505600000,64722.55000000,65107.99000000,64416.00000000,64869.80000000
1784520000000,64869.79000000,64869.99000000,63765.83000000,64280.01000000
1784534400000,64280.01000000,65068.00000000,63100.00000000,65002.01000000
1784548800000,65002.00000000,65666.80000000,64077.76000000,65598.75000000
1784563200000,65598.75000000,65799.00000000,65041.05000000,65142.00000000
1784577600000,65142.00000000,65445.27000000,65061.92000000,65255.51000000
1784592000000,65255.51000000,65658.78000000,65148.75000000,65566.78000000
1784606400000,65566.77000000,66245.64000000,65471.69000000,66186.86000000
1784620800000,66186.86000000,66420.65000000,66129.19000000,66345.59000000
1784635200000,66345.59000000,66956.15000000,66255.73000000,66676.54000000
1784649600000,66676.53000000,66764.00000000,66052.63000000,66444.76000000
1784664000000,66444.76000000,66576.00000000,66204.00000000,66556.16000000
1784678400000,66556.15000000,66739.89000000,66176.00000000,66210.00000000
1784692800000,66209.99000000,66424.00000000,65701.00000000,65843.48000000
1784707200000,65843.48000000,66164.57000000,65843.47000000,66013.36000000
1784721600000,66013.36000000,66204.98000000,65553.67000000,66047.39000000
1784736000000,66047.38000000,66384.00000000,65691.93000000,65923.19000000
1784750400000,65923.19000000,66138.24000000,65791.79000000,66114.49000000
1784764800000,66114.50000000,66313.14000000,65585.11000000,65662.53000000
1784779200000,65662.53000000,65821.17000000,65351.02000000,65442.13000000
1784793600000,65442.12000000,65792.09000000,65419.75000000,65555.21000000
1784808000000,65555.21000000,65589.41000000,64728.00000000,64958.36000000
1784822400000,64958.37000000,64961.15000000,64650.00000000,64846.94000000
1784836800000,64846.93000000,65235.43000000,64834.52000000,65098.97000000
1784851200000,65098.98000000,65464.35000000,64762.18000000,65456.70000000
1784865600000,65456.70000000,65808.59000000,65248.00000000,65499.95000000
1784880000000,65499.94000000,65508.17000000,64857.14000000,65083.43000000
1784894400000,65083.42000000,65133.99000000,63739.75000000,64093.85000000
1784908800000,64093.86000000,64292.44000000,63881.46000000,64225.32000000
1784923200000,64225.32000000,64288.02000000,64121.86000000,64139.99000000
1784937600000,64140.00000000,64179.03000000,64006.55000000,64085.36000000
1784952000000,64085.36000000,64205.67000000,63964.57000000,64003.20000000
1784966400000,64003.20000000,64113.00000000,63810.00000000,64064.01000000
1784980800000,64064.01000000,64272.00000000,64043.00000000,64182.00000000
1784995200000,64182.01000000,64475.28000000,64123.00000000,64388.38000000
1785009600000,64388.39000000,64430.00000000,64263.03000000,64375.00000000
1785024000000,64375.01000000,64582.00000000,64350.00000000,64557.00000000
1785038400000,64557.00000000,64599.95000000,64293.81000000,64370.00000000
1785052800000,64370.00000000,64573.73000000,64353.00000000,64507.35000000
1785067200000,64507.36000000,64827.00000000,64414.00000000,64768.00000000
1785081600000,64768.00000000,64940.51000000,64668.91000000,64695.52000000
1785096000000,64695.52000000,65577.00000000,64631.57000000,65399.99000000
1785110400000,65400.00000000,65418.81000000,64892.03000000,65284.00000000
1785124800000,65284.00000000,65744.60000000,65217.16000000,65221.99000000
1785139200000,65221.99000000,65432.00000000,65092.00000000,65100.79000000
1785153600000,65100.79000000,65718.00000000,64418.01000000,64554.01000000
1785168000000,64554.00000000,65090.00000000,64517.78000000,64984.00000000
1785182400000,64983.99000000,65056.00000000,63605.56000000,63755.86000000
1785196800000,63755.86000000,63827.49000000,63059.39000000,63343.83000000
1785211200000,63343.82000000,63668.71000000,63221.26000000,63505.99000000
1785225600000,63506.00000000,63593.00000000,63294.00000000,63450.00000000
1785240000000,63449.99000000,64026.62000000,62742.47000000,63928.47000000
1785254400000,63928.46000000,64100.00000000,63504.00000000,63904.00000000
1785268800000,63904.00000000,64073.30000000,63562.00000000,63915.00000000
1785283200000,63915.00000000,64200.00000000,63658.00000000,63753.03000000
1785297600000,63753.04000000,64575.99000000,63598.00000000,64561.00000000
1785312000000,64561.01000000,64744.81000000,64283.83000000,64507.54000000
1785326400000,64507.53000000,64718.87000000,63886.00000000,63964.01000000
1785340800000,63964.01000000,64648.79000000,63511.00000000,63589.46000000
1785355200000,63589.46000000,64131.44000000,63267.34000000,63984.28000000
1785369600000,63984.29000000,64411.76000000,63603.92000000,64161.98000000
1785384000000,64161.98000000,64182.00000000,63907.85000000,64026.00000000
1785398400000,64026.00000000,64885.18000000,63980.54000000,64788.00000000
1785412800000,64788.01000000,65176.60000000,64607.31000000,64730.30000000
1785427200000,64730.29000000,64988.00000000,64688.00000000,64800.00000000
1785441600000,64800.00000000,65086.40000000,64668.91000000,64780.02000000
1785456000000,64780.03000000,65409.56000000,64172.00000000,64370.00000000
1785470400000,64370.00000000,64496.64000000,63878.11000000,63950.01000000
1785484800000,63950.01000000,64011.99000000,63610.00000000,63805.51000000
1785499200000,63805.50000000,63849.19000000,62466.00000000,62716.57000000
1785513600000,62716.57000000,63302.00000000,62709.01000000,62972.00000000
1785528000000,62972.00000000,63062.47000000,62846.00000000,62887.88000000
1785542400000,62887.88000000,63106.55000000,62887.87000000,63004.48000000
1785556800000,63004.47000000,63142.85000000,62992.82000000,63050.46000000
1785571200000,63050.45000000,63150.00000000,62986.31000000,63076.00000000
1785585600000,63076.00000000,63127.07000000,63007.05000000,63007.06000000
1785600000000,63007.06000000,63027.65000000,62275.00000000,62529.82000000
1785614400000,62529.81000000,62866.62000000,62482.99000000,62823.64000000
1785628800000,62823.65000000,63550.00000000,62806.58000000,63461.95000000
1785643200000,63461.95000000,63634.00000000,63415.26000000,63506.24000000
1785657600000,63506.23000000,63530.00000000,62982.38000000,63031.99000000
1785672000000,63031.99000000,63231.67000000,63010.00000000,63109.14000000
1785686400000,63109.13000000,63610.01000000,63064.01000000,63456.01000000
1785700800000,63456.00000000,63796.33000000,63344.00000000,63570.00000000
1785715200000,63570.01000000,63596.00000000,62786.04000000,62870.49000000
1785729600000,62870.48000000,63001.77000000,62552.04000000,62621.10000000
1785744000000,62621.10000000,62863.10000000,62300.00000000,62560.01000000
1785758400000,62560.01000000,63992.71000000,62445.26000000,63694.91000000
1785772800000,63694.90000000,64080.00000000,63664.00000000,63869.38000000
1785787200000,63869.38000000,64023.61000000,63392.01000000,63520.00000000
1785801600000,63520.00000000,63972.00000000,63322.01000000,63800.01000000
1785816000000,63800.01000000,64243.81000000,63506.78000000,63685.74000000
1785830400000,63685.73000000,63950.00000000,63451.80000000,63926.00000000
1785844800000,63926.00000000,64238.00000000,63615.38000000,64125.14000000
1785859200000,64125.14000000,64413.21000000,63892.00000000,64233.36000000
1785873600000,64233.35000000,64549.16000000,64001.68000000,64106.56000000
1785888000000,64106.55000000,64504.00000000,63950.00000000,64183.27000000
1785902400000,64183.27000000,64525.97000000,63995.89000000,64163.99000000
1785916800000,64164.00000000,64280.00000000,64020.00000000,64075.28000000
1785931200000,64075.28000000,64744.00000000,63880.00000000,64388.01000000
1785945600000,64388.01000000,64936.18000000,64388.00000000,64840.28000000
1785960000000,64840.27000000,65025.22000000,64579.15000000,64665.23000000
1785974400000,64665.24000000,64724.38000000,64439.34000000,64531.03000000
1785988800000,64531.03000000,64996.00000000,64496.27000000,64809.70000000
1786003200000,64809.70000000,64999.00000000,64503.54000000,64622.09000000
1786017600000,64622.08000000,64987.26000000,64172.00000000,64631.87000000
1786032000000,64631.88000000,64834.00000000,64365.00000000,64446.00000000
1786046400000,64446.01000000,64536.32000000,64200.00000000,64323.61000000
1786060800000,64323.61000000,64544.00000000,64230.59000000,64289.99000000
1786075200000,64289.99000000,64463.75000000,64166.00000000,64319.84000000
1786089600000,64319.84000000,65213.33000000,64304.22000000,65029.98000000
1786104000000,65029.98000000,65390.99000000,64788.00000000,64912.72000000
1786118400000,64912.71000000,65072.31000000,64525.00000000,64960.47000000
1786132800000,64960.46000000,65102.00000000,64846.00000000,64923.19000000
1786147200000,64923.20000000,65074.18000000,64784.19000000,65033.00000000
1786161600000,65033.00000000,65071.15000000,64951.34000000,64960.00000000
1786176000000,64959.99000000,65050.00000000,64948.56000000,64967.35000000
1786190400000,64967.36000000,65192.54000000,64924.00000000,65080.82000000
1786204800000,65080.83000000,65150.00000000,65017.39000000,65075.41000000
1786219200000,65075.40000000,65100.61000000,64936.01000000,64962.60000000
1786233600000,64962.60000000,65002.00000000,64730.08000000,64788.80000000
1786248000000,64788.80000000,64867.11000000,64777.00000000,64826.14000000
1786262400000,64826.15000000,65000.00000000,64792.10000000,64950.00000000
1786276800000,64950.01000000,65300.00000000,64914.73000000,65228.68000000
1786291200000,65228.68000000,65266.06000000,65179.72000000,65180.66000000
1786305600000,65180.66000000,65474.46000000,64842.59000000,64901.59000000
1786320000000,64901.59000000,65391.14000000,64826.78000000,64982.01000000
1786334400000,64982.00000000,65379.13000000,64924.00000000,65202.73000000
1786348800000,65202.72000000,65328.73000000,64958.87000000,65125.98000000
1786363200000,65125.99000000,65237.80000000,64203.15000000,64299.99000000
1786377600000,64299.99000000,64354.00000000,63806.27000000,64045.70000000
1786392000000,64045.70000000,64215.21000000,63920.69000000,63970.01000000
1786406400000,63970.01000000,64176.00000000,63895.64000000,64155.01000000
1786420800000,64155.00000000,64159.65000000,63852.00000000,64065.99000000
1786435200000,64066.00000000,64400.00000000,64044.72000000,64389.57000000
1786449600000,64389.58000000,64515.43000000,63451.00000000,63609.87000000
1786464000000,63609.86000000,63660.00000000,63238.00000000,63536.00000000
1786478400000,63536.00000000,63768.58000000,63536.00000000,63600.00000000
1786492800000,63600.01000000,63908.01000000,63534.01000000,63835.59000000
1786507200000,63835.58000000,63891.42000000,63606.15000000,63837.99000000
1786521600000,63838.00000000,64249.50000000,63768.01000000,64240.04000000
1786536000000,64240.04000000,64500.00000000,63316.00000000,63441.47000000
1786550400000,63441.48000000,63578.00000000,63310.34000000,63421.11000000
1786564800000,63421.11000000,63661.24000000,63370.00000000,63479.99000000
1786579200000,63479.99000000,63717.31000000,63380.00000000,63646.99000000
1786593600000,63647.00000000,64010.00000000,63591.56000000,63865.84000000
1786608000000,63865.84000000,63915.00000000,63350.00000000,63484.30000000
1786622400000,63484.31000000,63999.00000000,63420.00000000,63420.01000000
1786636800000,63420.01000000,63568.97000000,62802.27000000,63407.99000000
1786651200000,63408.00000000,63640.00000000,63368.00000000,63490.86000000
1786665600000,63490.86000000,63617.45000000,63301.58000000,63310.00000000
1786680000000,63310.00000000,63472.50000000,62920.00000000,62920.78000000
1786694400000,62920.78000000,62997.83000000,62700.00000000,62868.83000000
1786708800000,62868.83000000,63089.18000000,62535.24000000,62990.95000000
1786723200000,62990.94000000,63247.05000000,62830.00000000,62968.05000000
1786737600000,62968.06000000,63066.13000000,62800.00000000,63043.56000000
1786752000000,63043.56000000,63187.98000000,62992.91000000,63051.25000000
1786766400000,63051.25000000,63155.76000000,63027.89000000,63075.43000000
1786780800000,63075.43000000,63085.80000000,62920.00000000,63022.01000000
1786795200000,63022.01000000,63120.09000000,62946.58000000,63100.55000000
1786809600000,63100.55000000,63127.40000000,63044.37000000,63126.08000000
1786824000000,63126.07000000,63175.00000000,63076.96000000,63086.01000000
1786838400000,63086.01000000,63151.59000000,63012.00000000,63130.00000000
1786852800000,63130.01000000,63158.80000000,63040.00000000,63061.02000000
1786867200000,63061.03000000,63079.76000000,62968.45000000,63013.66000000
1786881600000,63013.66000000,63146.40000000,62997.77000000,63146.39000000
1786896000000,63146.39000000,63390.00000000,63100.89000000,63108.81000000
1786910400000,63108.80000000,63140.00000000,62716.00000000,62900.00000000
1786924800000,62900.00000000,63520.00000000,62751.10000000,63429.21000000
1786939200000,63429.21000000,63717.17000000,63429.21000000,63514.45000000
1786953600000,63514.45000000,63781.69000000,63295.00000000,63631.10000000
1786968000000,63631.11000000,64227.27000000,63444.17000000,64200.00000000
1786982400000,64200.00000000,64610.01000000,63979.30000000,64309.96000000
1786996800000,64309.95000000,64578.00000000,64266.00000000,64532.10000000
1787011200000,64532.11000000,64568.46000000,64047.73000000,64185.01000000
1787025600000,64185.00000000,64446.00000000,64090.00000000,64198.97000000
1787040000000,64198.97000000,64402.35000000,64087.98000000,64351.19000000
1787054400000,64351.18000000,65058.81000000,64027.85000000,64855.06000000
1787068800000,64855.06000000,64891.81000000,64642.36000000,64643.26000000
1787083200000,64643.27000000,64780.00000000,64562.25000000,64725.42000000
1787097600000,64725.42000000,64736.27000000,64278.00000000,64330.71000000
1787112000000,64330.70000000,64409.93000000,64166.00000000,64296.00000000
1787126400000,64296.01000000,64539.05000000,64255.00000000,64515.63000000
1787140800000,64515.62000000,69500.00000000,64474.86000000,68554.00000000
1787155200000,68554.00000000,68997.00000000,67825.03000000,68429.44000000
1787169600000,68429.44000000,70000.00000000,68390.00000000,69334.79000000
1787184000000,69334.78000000,69894.50000000,68902.22000000,69195.64000000
1787198400000,69195.64000000,70022.00000000,69166.00000000,69816.45000000
1787212800000,69816.45000000,72490.00000000,69772.36000000,71927.07000000
1787227200000,71927.07000000,72830.00000000,71132.00000000,72470.83000000
1787241600000,72470.84000000,72966.00000000,72205.88000000,72690.76000000
1787256000000,72690.76000000,73400.00000000,72498.00000000,73025.15000000
1787270400000,73027.02000000,75785.82000000,73027.02000000,74510.77000000
1787284800000,74510.77000000,76916.95000000,74510.77000000,76308.65000000
1787299200000,76308.66000000,79500.00000000,76235.76000000,76722.32000000
1787313600000,76722.31000000,77871.33000000,76243.04000000,77221.98000000
1787328000000,77221.98000000,77722.12000000,76643.72000000,77028.94000000
1787342400000,77028.94000000,78760.68000000,76863.56000000,78338.03000000
1787356800000,78338.03000000,78828.15000000,77683.37000000,78410.98000000
1787371200000,78410.98000000,78818.00000000,76500.00000000,77289.18000000
1787385600000,77289.18000000,77445.60000000,76533.87000000,77130.02000000
1787400000000,77130.01000000,77387.99000000,76880.00000000,76978.83000000
1787414400000,76978.83000000,77547.96000000,76956.36000000,77418.25000000
1787428800000,77418.26000000,77467.53000000,76772.00000000,77074.93000000
1787443200000,77074.94000000,77400.00000000,76837.00000000,76927.87000000
1787457600000,76927.87000000,77036.58000000,75545.67000000,76007.13000000
1787472000000,76007.12000000,77400.00000000,75952.09000000,77311.02000000
1787486400000,77311.02000000,77765.80000000,76802.00000000,77156.13000000
1787500800000,77156.14000000,77487.04000000,77116.00000000,77346.01000000
1787515200000,77346.00000000,78052.85000000,77200.03000000,77734.00000000
1787529600000,77734.00000000,77742.00000000,76883.61000000,76933.02000000
1787544000000,76933.02000000,77790.19000000,76670.01000000,77307.15000000
1787558400000,77307.14000000,78600.00000000,76838.00000000,78443.65000000
1787572800000,78443.65000000,80000.00000000,77851.90000000,79100.01000000
1787587200000,79100.01000000,79877.87000000,78468.61000000,78758.00000000
1787601600000,78757.99000000,79049.40000000,78560.00000000,78992.75000000
1787616000000,78992.76000000,81272.62000000,78715.63000000,80488.01000000
1787630400000,80488.01000000,80923.69000000,79369.17000000,79705.79000000
1787644800000,79705.79000000,80249.00000000,78888.00000000,79117.99000000
1787659200000,79118.00000000,79527.09000000,78120.74000000,79502.01000000
1787673600000,79502.01000000,79563.71000000,78728.35000000,78925.95000000
1787688000000,78925.96000000,79000.00000000,77851.00000000,78539.14000000
1787702400000,78539.13000000,79251.60000000,78312.00000000,79088.62000000
1787716800000,79088.61000000,79206.00000000,78638.00000000,78925.56000000
1787731200000,78925.57000000,79119.37000000,78244.83000000,78487.26000000
1787745600000,78487.26000000,78713.79000000,77632.58000000,78011.65000000
1787760000000,78011.64000000,78650.26000000,77858.00000000,78475.49000000
1787774400000,78475.49000000,79174.12000000,78200.00000000,79023.75000000
1787788800000,79023.75000000,79028.49000000,78546.13000000,78830.68000000
1787803200000,78830.68000000,79095.99000000,78600.00000000,79082.17000000
1787817600000,79082.18000000,80520.00000000,79048.00000000,79477.67000000
1787832000000,79477.66000000,80799.91000000,78920.00000000,80302.32000000
1787846400000,80302.32000000,80848.74000000,79749.70000000,79910.19000000
1787860800000,79910.19000000,80432.36000000,79882.86000000,80249.58000000
1787875200000,80249.59000000,81478.87000000,79723.02000000,79810.49000000
1787889600000,79810.48000000,79999.00000000,79558.11000000,79660.00000000
1787904000000,79660.00000000,79840.00000000,79001.01000000,79604.13000000
1787918400000,79604.12000000,79838.73000000,78312.64000000,78331.13000000
1787932800000,78331.13000000,78404.00000000,76888.00000000,77580.03000000
1787947200000,77580.03000000,77846.72000000,77255.69000000,77845.87000000
1787961600000,77845.88000000,77963.92000000,77507.16000000,77507.17000000
1787976000000,77507.17000000,77716.12000000,77382.37000000,77626.01000000
1787990400000,77626.01000000,77754.23000000,77487.73000000,77584.67000000
1788004800000,77584.66000000,78150.00000000,77506.63000000,77865.36000000
1788019200000,77865.36000000,78330.00000000,77858.29000000,78182.00000000
1788033600000,78181.99000000,78298.00000000,78062.00000000,78230.00000000
1788048000000,78230.00000000,78330.00000000,77994.02000000,78144.68000000
1788062400000,78144.68000000,78310.71000000,77990.00000000,78118.00000000
1788076800000,78118.00000000,78242.00000000,77962.49000000,78166.00000000
1788091200000,78165.99000000,78966.76000000,78165.99000000,78823.63000000
1788105600000,78823.62000000,79400.00000000,78721.98000000,78856.39000000
1788120000000,78856.39000000,78931.49000000,77000.00000000,77682.00000000
1788134400000,77682.00000000,78185.89000000,77392.00000000,77756.71000000
1788148800000,77756.70000000,78322.56000000,77458.83000000,78196.01000000
1788163200000,78196.01000000,78802.00000000,77982.00000000,78315.43000000
1788177600000,78315.43000000,78777.90000000,77675.04000000,78580.42000000
1788192000000,78580.43000000,79250.00000000,78494.00000000,78898.06000000
1788206400000,78898.06000000,79172.00000000,78405.01000000,78581.29000000
1788220800000,78581.30000000,78900.01000000,78189.93000000,78679.01000000
1788235200000,78679.01000000,79220.61000000,78500.00000000,78632.37000000
1788249600000,78632.37000000,78658.01000000,77758.69000000,78098.97000000
1788264000000,78098.96000000,78424.00000000,77510.00000000,77919.06000000
1788278400000,77919.07000000,77976.00000000,76420.00000000,77312.00000000
1788292800000,77312.00000000,77638.18000000,76920.36000000,77439.00000000
1788307200000,77439.01000000,77792.00000000,76718.48000000,77563.50000000
1788321600000,77563.50000000,77765.99000000,77294.56000000,77473.85000000
1788336000000,77473.86000000,77546.00000000,76264.00000000,76828.76000000
1788350400000,76828.75000000,77490.00000000,76611.67000000,77288.98000000
1788364800000,77288.97000000,77582.00000000,76950.56000000,77341.47000000
1788379200000,77341.48000000,77520.00000000,77007.36000000,77340.01000000
1788393600000,77340.01000000,77900.00000000,76968.00000000,77708.00000000
1788408000000,77708.01000000,78183.91000000,77101.01000000,77663.15000000
1788422400000,77663.14000000,78066.00000000,77478.00000000,77948.39000000
1788436800000,77948.39000000,81370.33000000,77896.07000000,81348.00000000
1788451200000,81348.00000000,81790.00000000,80613.52000000,81755.41000000
1788465600000,81755.41000000,82300.00000000,80905.05000000,81270.37000000
1788480000000,81270.37000000,81427.75000000,80669.45000000,80850.00000000
1788494400000,80850.01000000,81288.00000000,80573.21000000,80656.87000000
1788508800000,80656.86000000,81423.03000000,80502.87000000,81224.86000000
1788523200000,81224.86000000,81350.00000000,78660.00000000,79429.33000000
1788537600000,79429.33000000,79877.07000000,79378.19000000,79793.34000000
1788552000000,79793.35000000,79862.15000000,79512.00000000,79660.77000000
1788566400000,79660.77000000,79721.57000000,79472.22000000,79582.00000000
1788580800000,79581.99000000,79763.41000000,79442.00000000,79709.96000000
1788595200000,79709.96000000,79735.97000000,79568.00000000,79609.28000000
1788609600000,79609.29000000,79816.00000000,79545.96000000,79806.01000000
1788624000000,79806.00000000,80200.00000000,79712.86000000,79754.00000000
1788638400000,79753.99000000,79947.99000000,79694.00000000,79831.75000000
1788652800000,79831.75000000,80107.99000000,79829.98000000,80028.01000000
1788667200000,80028.01000000,80107.99000000,79577.00000000,79805.00000000
1788681600000,79804.68000000,80020.00000000,79752.70000000,79919.17000000
1788696000000,79919.17000000,80010.00000000,79233.00000000,79716.50000000
1788710400000,79716.51000000,79970.00000000,79584.73000000,79829.99000000
1788724800000,79830.00000000,80559.99000000,79647.04000000,80341.83000000
1788739200000,80341.83000000,80443.99000000,79568.60000000,79596.39000000
1788753600000,79596.38000000,79926.04000000,79001.10000000,79397.83000000
1788768000000,79397.83000000,79550.00000000,79282.00000000,79420.16000000
1788782400000,79420.16000000,79643.50000000,78680.00000000,78821.99000000
1788796800000,78822.00000000,79419.17000000,78807.69000000,79365.82000000
1788811200000,79365.81000000,79394.92000000,78781.07000000,79112.01000000
1788825600000,79112.00000000,79485.00000000,78725.10000000,78906.28000000
1788840000000,78906.27000000,78929.24000000,78179.98000000,78482.00000000
1788854400000,78482.00000000,78994.50000000,78271.63000000,78430.01000000
1788868800000,78430.00000000,78910.88000000,77620.01000000,78904.00000000
1788883200000,78904.00000000,78978.39000000,78271.49000000,78446.00000000
1788897600000,78445.99000000,78662.75000000,78406.00000000,78455.80000000
1788912000000,78455.80000000,78928.65000000,78455.79000000,78638.01000000
1788926400000,78638.01000000,79400.00000000,78638.00000000,79277.43000000
1788940800000,79277.44000000,79760.00000000,78725.29000000,79324.75000000
1788955200000,79324.75000000,79678.84000000,78060.03000000,78596.70000000
1788969600000,78596.70000000,78938.55000000,78150.00000000,78234.94000000
1788984000000,78234.94000000,78340.01000000,77770.00000000,78306.43000000
1788998400000,78306.43000000,78550.00000000,77952.00000000,78328.08000000
1789012800000,78328.08000000,78564.39000000,77906.48000000,78112.00000000
1789027200000,78112.00000000,78229.22000000,77688.00000000,77840.80000000
1789041600000,77840.64000000,77959.20000000,76676.07000000,77250.00000000
1789056000000,77250.00000000,77544.00000000,76804.99000000,77160.83000000
1789070400000,77160.83000000,77347.45000000,76464.00000000,76568.72000000
1789084800000,76568.73000000,77013.62000000,76563.01000000,76891.80000000
1789099200000,76891.81000000,77431.48000000,76889.23000000,77230.70000000
1789113600000,77230.70000000,77500.00000000,76746.95000000,77036.12000000
1789128000000,77036.12000000,79890.00000000,76046.58000000,77732.25000000
1789142400000,77732.25000000,78068.01000000,76883.00000000,77286.01000000
1789156800000,77286.00000000,77504.01000000,76967.13000000,77225.70000000
1789171200000,77225.71000000,77378.37000000,77207.65000000,77268.09000000
1789185600000,77268.09000000,77359.20000000,77164.06000000,77269.55000000
1789200000000,77269.54000000,77400.75000000,77269.54000000,77356.04000000
1789214400000,77356.05000000,77505.67000000,77255.19000000,77380.37000000
1789228800000,77380.38000000,77414.01000000,77059.75000000,77114.99000000
1789243200000,77115.00000000,77300.00000000,77114.99000000,77278.73000000
1789257600000,77278.73000000,77341.37000000,77162.36000000,77192.01000000
1789272000000,77192.00000000,77325.82000000,77058.42000000,77127.99000000
1789286400000,77127.99000000,77182.00000000,76500.00000000,76792.32000000
1789300800000,76792.31000000,77254.45000000,76560.00000000,77134.83000000
1789315200000,77134.82000000,77413.52000000,77125.66000000,77284.00000000
1789329600000,77284.01000000,77450.00000000,76622.97000000,76842.01000000
1789344000000,76842.01000000,77869.82000000,76388.72000000,77596.33000000
1789358400000,77596.32000000,77895.35000000,77379.41000000,77892.24000000
1789372800000,77892.24000000,78374.01000000,77593.80000000,77776.00000000
1789387200000,77776.00000000,78712.29000000,77481.98000000,78578.02000000
1789401600000,78578.02000000,79325.00000000,78426.17000000,78982.00000000
1789416000000,78982.01000000,79600.00000000,78131.30000000,78189.21000000
1789430400000,78189.20000000,78250.46000000,77658.00000000,77676.99000000
1789444800000,77676.99000000,77744.31000000,76889.22000000,76930.01000000
1789459200000,76930.00000000,77223.32000000,76703.59000000,76940.01000000
1789473600000,76940.01000000,77143.15000000,75605.00000000,76512.00000000
1789488000000,76512.01000000,77343.44000000,74967.97000000,76186.48000000
1789502400000,76186.48000000,76245.98000000,75140.64000000,75644.48000000
1789516800000,75644.48000000,76111.00000000,75457.52000000,75824.01000000
1789531200000,75824.00000000,76097.54000000,75677.64000000,75766.63000000
1789545600000,75766.62000000,76304.01000000,75350.00000000,76250.00000000
1789560000000,76250.00000000,76300.00000000,75423.04000000,75788.41000000
1789574400000,75788.41000000,76560.76000000,75064.82000000,76080.00000000
1789588800000,76080.00000000,76422.01000000,75632.70000000,76206.01000000
1789603200000,76206.00000000,76774.08000000,76055.34000000,76441.99000000
1789617600000,76442.00000000,76682.01000000,76187.00000000,76462.76000000
1789632000000,76462.77000000,76770.00000000,76179.00000000,76482.00000000
1789646400000,76482.00000000,77179.47000000,76000.00000000,76780.01000000
1789660800000,76780.01000000,76970.01000000,76470.40000000,76594.01000000
1789675200000,76594.01000000,76732.99000000,76259.98000000,76417.01000000
1789689600000,76417.01000000,77597.83000000,76296.00000000,77383.47000000
1789704000000,77383.47000000,77850.00000000,77216.76000000,77798.01000000
1789718400000,77798.00000000,78490.79000000,77660.00000000,78062.00000000
1789732800000,78062.01000000,81154.67000000,77972.30000000,80725.60000000
1789747200000,80725.60000000,81400.00000000,80555.54000000,81204.76000000
1789761600000,81204.77000000,81370.57000000,80862.61000000,80883.87000000
1789776000000,80883.86000000,81741.00000000,80844.58000000,81136.01000000
1789790400000,81136.02000000,81250.00000000,80911.12000000,81100.16000000
1789804800000,81100.17000000,81528.01000000,81075.28000000,81302.63000000
1789819200000,81302.63000000,81951.00000000,81183.28000000,81636.01000000
1789833600000,81636.01000000,81914.01000000,81309.68000000,81354.01000000
1789848000000,81354.01000000,81431.13000000,80904.46000000,81249.99000000
1789862400000,81249.99000000,81330.01000000,80126.04000000,80486.38000000
1789876800000,80486.38000000,80668.15000000,80227.27000000,80311.61000000
1789891200000,80311.60000000,80581.82000000,80165.49000000,80493.20000000
1789905600000,80493.21000000,80969.84000000,80327.64000000,80912.00000000
1789920000000,80912.00000000,81497.33000000,80811.03000000,81177.32000000
1789934400000,81177.32000000,81332.01000000,80579.43000000,81178.00000000
1789948800000,81178.01000000,82100.00000000,80850.22000000,81425.23000000
1789963200000,81425.24000000,81878.98000000,81228.15000000,81720.01000000
1789977600000,81720.01000000,85299.87000000,81720.00000000,84887.19000000
1789992000000,84887.19000000,86344.70000000,84778.00000000,85927.71000000
1790006400000,85927.71000000,86895.70000000,85607.42000000,86490.11000000
1790020800000,86490.11000000,87395.67000000,86295.78000000,86620.00000000
1790035200000,86620.01000000,86625.82000000,85300.00000000,85692.83000000
1790049600000,85692.83000000,85730.23000000,85114.00000000,85344.00000000
1790064000000,85344.01000000,86377.77000000,85327.42000000,85986.62000000
1790078400000,85986.62000000,86717.60000000,85461.53000000,86413.12000000
1790092800000,86413.11000000,86660.00000000,86033.18000000,86192.44000000
1790107200000,86192.45000000,86504.17000000,86000.00000000,86208.56000000
1790121600000,86208.57000000,86975.51000000,86133.40000000,86704.27000000
1790136000000,86704.27000000,87278.54000000,86000.00000000,86124.77000000
1790150400000,86124.77000000,86264.01000000,85450.88000000,85649.95000000
1790164800000,85649.96000000,85940.32000000,83864.07000000,83996.01000000
